SensorId,SensorTyId,DeviceId,SensorName,SensorActive,MeasureName,UnitName,UnitAbbreviation,SubLocationId,DeviceName
A96B8CC1-EE11-4B23-8ED4-009716582C64,9D7377E0-82EC-49C1-A1BD-08DC4397766E,32E2C47E-D9A7-4B90-85BF-A049537A3B85,Fase 2,1,Corriente,Amperes,A,457A75A2-CAC9-4C47-6442-08DDE0FE0D22,Cuarto de Conservación
2F2E7360-BB5B-406A-A346-015C7E0C3C16,8DCFFF66-4B0E-42A0-26B4-08DC84ADECD9,CF92A35A-0B92-4DFA-A9EA-8A54150DDACD,Cisterna Agua Interna,0,Nivel - mAh,Miliamperios,mAh,BAB5B800-B13B-44A4-301B-08DD47A4A871,Cuarto de Máquinas
8CF875D9-4FE4-49C2-9A3B-019634A33710,5485A1F6-3775-436F-A1B9-08DC4397766E,724834F5-B593-4E6C-9C7B-B3E017025318,Temperatura,0,Temperatura,Centigrados,°C,1D9E7A76-A306-433B-7F26-08DD63418751,Comedor
A7A50B5F-664F-4EDD-BE90-01B03D3DA82D,A10313E6-4D60-4C90-26B5-08DC84ADECD9,490C7206-8705-444F-ADCD-1E7591222F29,Switch 2,1,Encendido,encendido,enc,7126C221-E070-4FC5-32B6-08DD78718817,Road Sign
A468CB05-9D22-4CF0-B707-01BD83B6EC84,5485A1F6-3775-436F-A1B9-08DC4397766E,9D5E9B81-70CE-4DD6-90D0-006F7DA796FA,Temperatura,1,Temperatura,Centigrados,°C,9F33CBEA-6D72-4E8A-615F-08DD5B605483,Cuarto de Congelación
7305DCFD-ACFF-441D-84F4-04031A9AED6C,9D7377E0-82EC-49C1-A1BD-08DC4397766E,CA1844D2-CCB3-422E-A011-E7440F78EA7A,Fase 1,1,Corriente,Amperes,A,C16FE55F-4717-4463-D9C2-08DD3FEE69C9,Máquina de nieve
F9F2F013-9114-4C93-B573-045DB3D2869D,A10313E6-4D60-4C90-26B5-08DC84ADECD9,33988121-56DE-4302-8A3F-1E4E4EBEC1BA,Switch 2,0,Encendido,encendido,enc,67EFBB29-06F1-48B2-6437-08DDE0FE0D22,Alumbrado de Muro
A2CE7D5E-5484-4A24-B973-04BD3333B97F,9ABA7228-87EF-482A-A1BB-08DC4397766E,1D63496A-3062-47C4-9487-8CE8622AEE01,Estado puerta de emergencia,0,Estado,Estado,Estado,1BA08890-9274-44C8-D9B8-08DD3FEE69C9,Puerta de emergencia
85527517-1533-4935-AE54-04E3C4072184,9ABA7228-87EF-482A-A1BB-08DC4397766E,42EE0085-6755-4838-9CC3-3F20717D1A93,Puerta azotea,0,Estado,Estado,Estado,C16FE55F-4717-4463-D9C2-08DD3FEE69C9,Puerta azotea
7C98BB44-27EF-47A3-9A32-068FEA2FBAAE,9D7377E0-82EC-49C1-A1BD-08DC4397766E,D27783B9-DBE2-4250-9DC7-F8C073A96EEF,Fase 2,1,Corriente,Amperes,A,45D13CB8-2DAC-4E63-3020-08DD47A4A871,Cuarto de conservación
1A42FDEC-465C-4498-99B0-069AB7AA4400,279BB078-A028-45C7-A1BA-08DC4397766E,D9F619E6-1F2C-426E-9570-629B43CDA015,Humedad,0,Humedad,Porciento,%,19F65E5B-D4C1-49B7-D9C1-08DD3FEE69C9,Comedor
53E82E0F-4002-4BFE-9524-06BF0224F1EF,9D7377E0-82EC-49C1-A1BD-08DC4397766E,9D5E9B81-70CE-4DD6-90D0-006F7DA796FA,Fase 3,1,Corriente,Amperes,A,9F33CBEA-6D72-4E8A-615F-08DD5B605483,Cuarto de Congelación
22C06074-58CF-4BF4-8688-07675DAC5777,9D7377E0-82EC-49C1-A1BD-08DC4397766E,9B697DDD-E17F-4797-9562-A972E2989BD2,Fase 1,1,Corriente,Amperes,A,A1E6E163-B433-4A97-301C-08DD47A4A871,Cuarto de congelación
5064C764-1FA5-49D8-9B8F-080D9EB38AB7,9D7377E0-82EC-49C1-A1BD-08DC4397766E,3E4C183B-2BC4-4E1F-7AD5-08DC484D82CA,Fase 1,1,Corriente,Amperes,A,7A6F2526-8BD4-4589-34AB-08DC43941E6D,Compresor congelacion 1
EE8CD8E9-E327-4CAE-BD74-0B5CEE140337,8DCFFF66-4B0E-42A0-26B4-08DC84ADECD9,776A7695-9650-46A0-8651-B02946E0E18E,Cisterna Agua Interna,0,Nivel - mAh,Miliamperios,mAh,9CF3BAD1-AC37-485D-C13A-08DD505DEC58,Cuarto de Máquinas
063276ED-657E-40A2-A17B-0C685AF518F6,9D7377E0-82EC-49C1-A1BD-08DC4397766E,9E09B069-82DE-4FBE-8CF1-97BF8B6A8490,Acometida principal F2 Derivación 2,0,Corriente,Amperes,A,8F75A203-C4D7-4AF2-5072-08DC48553496,Acometida principal 1
18721975-F4A6-4FD8-9752-0F5AB211B2FA,A10313E6-4D60-4C90-26B5-08DC84ADECD9,58740869-2027-4917-9A66-C20003422F7C,Switch 1,1,Encendido,encendido,enc,59545DDF-66B9-49EE-5571-08DDDE84D8AA,Road Sign
1BE983D7-E315-4EC2-8A9F-10A6F2E02BEB,9D7377E0-82EC-49C1-A1BD-08DC4397766E,55C1A24A-986E-49CC-85EF-3AEC76375CFC,Fase 3 Derivación 2,0,Corriente,Amperes,A,0DF7CCB8-9BD7-4849-616D-08DD5B605483,Acometida Principal
1E95BF09-B1EE-4E20-9BC9-114BAB9807CC,9D7377E0-82EC-49C1-A1BD-08DC4397766E,14D14673-1348-48D9-83C5-CB13B662FA37,Fase 2,1,Corriente,Amperes,A,2A53B338-BD72-4636-9C0E-08DD462E560B,Cuarto de conservación
2D06A1C9-99A4-42AE-BD7E-11F70030F2D2,9D7377E0-82EC-49C1-A1BD-08DC4397766E,18B1155F-DBEA-44AA-98FA-11E571E965F1,Fase 2,1,Corriente,Amperes,A,1BA08890-9274-44C8-D9B8-08DD3FEE69C9,Máquina de nieve
7D1AE1C4-D3E2-4F5D-A765-134E79C4617F,9D7377E0-82EC-49C1-A1BD-08DC4397766E,8A97714B-379B-41AB-988D-B1BE47199793,Fase 1,1,Corriente,Amperes,A,DB8B9F53-8B1D-4093-7F2B-08DD63418751,Máquina de Sodas
2DB12284-062B-42B7-B540-142D07749E2D,8DCFFF66-4B0E-42A0-26B4-08DC84ADECD9,A75DCA42-2CDA-4596-7AD1-08DC484D82CA,Cisterna Agua Externa,0,Nivel - mAh,Miliamperios,mAh,FC229865-D43A-4F2E-34AC-08DC43941E6D,Cisterna de municipio 1
6D1AB03D-468E-4807-8674-14A16A1DAD77,27CF176D-2BF1-4EDC-A1BE-08DC4397766E,CF92A35A-0B92-4DFA-A9EA-8A54150DDACD,Presión Agua Interna,0,Presión,Presión,PSI,BAB5B800-B13B-44A4-301B-08DD47A4A871,Cuarto de Máquinas
BAFEE368-0F35-460D-BA2C-155EB5D2FBE4,9D7377E0-82EC-49C1-A1BD-08DC4397766E,5A0FF473-2751-4B30-AF16-8F80FD7B83DE,Fase 2,1,Corriente,Amperes,A,3161F983-37DA-4514-643D-08DDE0FE0D22,Máquina de Sodas
7F3A21B3-AC8E-4D03-8746-168CF3D5F58E,A10313E6-4D60-4C90-26B5-08DC84ADECD9,E332D70D-364F-4A33-B723-EAF48C65FCAE,Switch 3,1,Encendido,encendido,enc,1EBC6137-C613-4A58-5570-08DDDE84D8AA,Road Sign
CDF86DEC-3D32-4772-BC22-16CC230586AF,9ABA7228-87EF-482A-A1BB-08DC4397766E,43A515E7-E7FA-4305-8CB6-65AFD0E315A8,Puerta,0,Estado,Estado,Estado,2D82CB0C-1C37-4598-D9B6-08DD3FEE69C9,Puerta de emergencia
4E31DE1F-3575-4BFF-9975-176B024185DA,9D7377E0-82EC-49C1-A1BD-08DC4397766E,55C1A24A-986E-49CC-85EF-3AEC76375CFC,Fase 2 Derivación 2,0,Corriente,Amperes,A,0DF7CCB8-9BD7-4849-616D-08DD5B605483,Acometida Principal
C8E38CB1-2243-41DE-96C8-17F2F44E1A2A,9D7377E0-82EC-49C1-A1BD-08DC4397766E,30FD6B3C-3187-447B-A5DF-5DAAE8B96BF4,Fase 1,1,Corriente,Amperes,A,A1C0B0FB-677C-423E-6160-08DD5B605483,Cuarto de Conservación
EB4DC16C-0C5F-4C25-85A7-18BC068BEA27,9D7377E0-82EC-49C1-A1BD-08DC4397766E,8CD4F345-9E85-44F2-A712-5C220D9259A9,Fase 1 - Derivación 2,0,Corriente,Amperes,A,68C7ECB8-B78C-4341-D9B1-08DD3FEE69C9,Acometida principal
75E2E8CB-7CD6-4C83-A39D-1999D24EDF23,A10313E6-4D60-4C90-26B5-08DC84ADECD9,7FE56B12-DF8A-4D40-B895-825033871B59,Switch 1,1,Encendido,encendido,enc,67EFBB29-06F1-48B2-6437-08DDE0FE0D22,Alumbrado Exterior
B026A4EA-4C36-41B3-8071-1AB1987E9029,9D7377E0-82EC-49C1-A1BD-08DC4397766E,30FD6B3C-3187-447B-A5DF-5DAAE8B96BF4,Fase 2,1,Corriente,Amperes,A,A1C0B0FB-677C-423E-6160-08DD5B605483,Cuarto de Conservación
FF240737-D888-45BC-BF42-1BDFEA129044,9ABA7228-87EF-482A-A1BB-08DC4397766E,696FE373-EA4F-413F-A29E-BD43B6746F4A,Puerta,0,Estado,Estado,Estado,A1B8954E-DF08-428C-301F-08DD47A4A871,Cuarto de congelación
EFD4FAB3-CA3A-4D2C-B1AC-1CF880829852,C7B5C18B-8EC7-4224-8907-08DDEFF3AB11,7E8F020E-AFA7-48E0-82F6-BDCEC9F099A7,Modo Ventilador,1,Modo Ventilador,none,none,46AA3786-0591-46E3-6435-08DDE0FE0D22,A/C de Comedor
36065F12-8009-46F4-A1C8-1DBE3B3F2BA3,A10313E6-4D60-4C90-26B5-08DC84ADECD9,68CDDBC6-298E-4DDE-88CB-6C03AD5D24D1,Switch 3,1,Encendido,encendido,enc,59545DDF-66B9-49EE-5571-08DDDE84D8AA,Alumbrado Exterior
9004CBE2-1345-4360-8CD6-1E7518467521,A10313E6-4D60-4C90-26B5-08DC84ADECD9,2B081F0F-49D1-4AA3-B4B7-06395AA14DE0,Switch 3,1,Encendido,encendido,enc,67EFBB29-06F1-48B2-6437-08DDE0FE0D22,Road Sign
D09EA7D0-0A30-4512-94DA-1F51FD388884,A10313E6-4D60-4C90-26B5-08DC84ADECD9,AD93DD71-7AAA-4CE1-B72E-BEBDBC596EE4,Switch 2,1,Encendido,encendido,enc,7126C221-E070-4FC5-32B6-08DD78718817,Alumbrado exterior
A4DD4703-B7C0-4B09-A4DA-20EBD2E0DA87,9D7377E0-82EC-49C1-A1BD-08DC4397766E,3FF9E0C5-E968-4CAE-B8B1-9482B8EB386F,Fase 1,1,Corriente,Amperes,A,726CEE82-5571-4AB0-6C3C-08DC84AC8408,Máquina de sodas 1
621BD443-82C1-497E-B592-21843830A51C,9D7377E0-82EC-49C1-A1BD-08DC4397766E,61403F55-30BE-4257-9BC6-4872E73CDFC4,Fase 2,1,Corriente,Amperes,A,D578FCDF-7B11-4172-7F28-08DD63418751,Cuarto de congelación
90CC2D76-17EC-4C7B-9A60-227DA77EA3BA,A10313E6-4D60-4C90-26B5-08DC84ADECD9,FAAF57D0-DCD3-4E8A-8C9A-57914F0F29CC,Switch 2,1,Encendido,encendido,enc,8C213D36-9843-4DDC-5573-08DDDE84D8AA,Road Sign
C4A40C3C-B070-4CBB-996A-2431A8974270,5485A1F6-3775-436F-A1B9-08DC4397766E,E79787D1-7A8E-4806-AC1B-2EA0BD86A8A1,Temperatura,0,Temperatura,Centigrados,°C,BBA59657-F9DB-4325-D9B7-08DD3FEE69C9,Comedor
9AE13666-A64F-49DC-9308-24F26B2DACBA,9D7377E0-82EC-49C1-A1BD-08DC4397766E,2BDB43FB-C3EE-4D08-AA96-7FF5BF3904A6,Fase 1,1,Corriente,Amperes,A,E21D79D6-1696-4F62-D9BD-08DD3FEE69C9,Máquina de Sodas
57FE6274-AE44-40FD-9DB8-253D00AA6642,27CF176D-2BF1-4EDC-A1BE-08DC4397766E,53838C72-6170-42B3-9747-36E93D523143,Presión Agua Interna,0,Presión,Presión,PSI,06D04A26-1532-4B8C-6161-08DD5B605483,Cuarto de Máquinas
475674C6-009D-4A7F-90F6-25682E5812F0,9D7377E0-82EC-49C1-A1BD-08DC4397766E,93D92608-4B66-41B5-B00F-B5B82AC52F3A,Fase 2 Derivación 1,0,Corriente,Amperes,A,F1F8AF74-486B-4248-616C-08DD5B605483,Acometida Principal
E66EBB52-8EA9-43F4-B526-2592E11688C3,9ABA7228-87EF-482A-A1BB-08DC4397766E,30D3057E-4960-467D-B090-672B92E2D00E,Puerta,0,Estado,Estado,Estado,DC9115DC-1AD2-4804-6165-08DD5B605483,Puerta Azotea
1DE25012-889F-4FF1-BD85-25E2284F7769,5485A1F6-3775-436F-A1B9-08DC4397766E,4C2A12D5-72AA-4D7F-90F4-652FCC491513,Temperatura,0,Temperatura,Centigrados,°C,5B0B9D74-F840-4126-615D-08DD5B605483,Comedor
C1367C26-8470-4279-92D5-274804A72312,9D7377E0-82EC-49C1-A1BD-08DC4397766E,B96B2528-80B5-48AA-9980-63E2A3B80180,Fase 1,1,Corriente,Amperes,A,271DC565-7852-4372-34A9-08DC43941E6D,Máquina de nieve
1055B9D4-4E9D-406D-A907-28286B775033,9D7377E0-82EC-49C1-A1BD-08DC4397766E,CA1844D2-CCB3-422E-A011-E7440F78EA7A,Fase 2,1,Corriente,Amperes,A,C16FE55F-4717-4463-D9C2-08DD3FEE69C9,Máquina de nieve
4116CB93-2F0C-459A-A88D-28415521FFB5,9D7377E0-82EC-49C1-A1BD-08DC4397766E,8DB1C508-58F3-481E-96A7-96CFB248FD06,Fase 1,1,Corriente,Amperes,A,D96624C9-EB67-464F-D9C7-08DD3FEE69C9,Máquina de Sodas
3922B5EE-DDFC-4AE6-9570-28A31177C96C,9ABA7228-87EF-482A-A1BB-08DC4397766E,20280C50-7125-4C67-7ADA-08DC484D82CA,Estado puerta servicio congelacion 1,0,Estado,Estado,Estado,7A6F2526-8BD4-4589-34AB-08DC43941E6D,Puerta servicio congelacion 1
C836A7C6-338D-47FC-BA1F-28EBDE59C0B5,279BB078-A028-45C7-A1BA-08DC4397766E,61403F55-30BE-4257-9BC6-4872E73CDFC4,Humedad,1,Humedad,Porciento,%,D578FCDF-7B11-4172-7F28-08DD63418751,Cuarto de congelación
1929D6D6-D2C8-4E2A-AF69-2B6FB0CD590F,A10313E6-4D60-4C90-26B5-08DC84ADECD9,C0B0E855-A11A-49EE-9C0F-94F09AF4B16F,Road sign 1 switch 2,1,Encendido,encendido,enc,B6298C92-209A-4D02-6C3D-08DC84AC8408,Road Sign
B834AA58-2D58-47C3-9F8C-2C3C3CA271D3,9ABA7228-87EF-482A-A1BB-08DC4397766E,20280C50-7125-4C67-7ADA-08DC484D82CA,Estado puerta servicio congelación 1,0,Estado,Estado,Estado,7A6F2526-8BD4-4589-34AB-08DC43941E6D,Puerta servicio congelacion 1
560AC874-6E72-4FC0-8901-2C3D5C8FE947,9D7377E0-82EC-49C1-A1BD-08DC4397766E,32E2C47E-D9A7-4B90-85BF-A049537A3B85,Fase 1,1,Corriente,Amperes,A,457A75A2-CAC9-4C47-6442-08DDE0FE0D22,Cuarto de Conservación
E2744010-E73C-4BB4-BFC0-2E1E2AF6970F,9ABA7228-87EF-482A-A1BB-08DC4397766E,61403F55-30BE-4257-9BC6-4872E73CDFC4,Puerta Servicio,0,Estado,Estado,Estado,D578FCDF-7B11-4172-7F28-08DD63418751,Cuarto de congelación
D8FF77AF-F1FA-4EC3-B491-2E55F7F96149,9D7377E0-82EC-49C1-A1BD-08DC4397766E,F2FFE4A3-CE7B-47FB-9A47-C3189FFC58AA,Fase 3,1,Corriente,Amperes,A,DC9115DC-1AD2-4804-6165-08DD5B605483,Máquina de nieve
0F6A552B-3F6A-48F1-B13A-2E7734CF957D,9ABA7228-87EF-482A-A1BB-08DC4397766E,6C28BDB1-4B19-436A-ACF1-D6B687440B27,Estado caja fuerte gerencia,0,Estado,Estado,Estado,65DD770A-9C84-4B1F-6C3B-08DC84AC8408,Caja fuerte 1
485E3767-DBA2-4280-8BB4-2F38F48F3993,A10313E6-4D60-4C90-26B5-08DC84ADECD9,7B7ADD59-43C7-45C8-B485-F0D388EC3658,Alumbrado exterior 1 switch 3,1,Encendido,encendido,enc,B6298C92-209A-4D02-6C3D-08DC84AC8408,Alumbrado exterior 1
76BC2667-D575-4C9F-9014-301C34B3FFCB,9D7377E0-82EC-49C1-A1BD-08DC4397766E,5A0FF473-2751-4B30-AF16-8F80FD7B83DE,Fase 2,0,Corriente,Amperes,A,3161F983-37DA-4514-643D-08DDE0FE0D22,Máquina de Sodas
3C454F8F-B50B-4E07-B8D4-30317B876C70,A10313E6-4D60-4C90-26B5-08DC84ADECD9,67EA4A5D-A712-40F7-AD01-F7F6A4802745,Switch 1,1,Encendido,encendido,enc,7126C221-E070-4FC5-32B6-08DD78718817,Alumbrado de muro
4BCC63A8-93CD-491F-878E-311372F573D3,A10313E6-4D60-4C90-26B5-08DC84ADECD9,2B081F0F-49D1-4AA3-B4B7-06395AA14DE0,Switch 1,1,Encendido,encendido,enc,67EFBB29-06F1-48B2-6437-08DDE0FE0D22,Road Sign
5EBAF19B-D7B1-4AFE-9F26-323966286C03,9D7377E0-82EC-49C1-A1BD-08DC4397766E,9D5E9B81-70CE-4DD6-90D0-006F7DA796FA,Fase 1,1,Corriente,Amperes,A,9F33CBEA-6D72-4E8A-615F-08DD5B605483,Cuarto de Congelación
D84C5F19-CCBA-4B27-BBCA-32DE8052FAB1,9D7377E0-82EC-49C1-A1BD-08DC4397766E,0AD248E3-9A82-44D6-A911-3FC724B1B676,Fase 3,1,Corriente,Amperes,A,3E75B22F-478B-48D7-7F2F-08DD63418751,Máquina de nieve
A013032F-99B4-496A-9487-345D5C9EE101,998830B7-90B8-4248-8908-08DDEFF3AB11,A724628A-8ABC-4AEA-9ECE-6F0C3DE1C2C8,Modo Ventilador,1,On/Off Termostato,none,none,90588848-36F5-4707-6436-08DDE0FE0D22,A/C de Cocina
12415617-156B-4DC9-B118-349A8A5A99CF,A10313E6-4D60-4C90-26B5-08DC84ADECD9,AD93DD71-7AAA-4CE1-B72E-BEBDBC596EE4,Switch 4,1,Encendido,encendido,enc,7126C221-E070-4FC5-32B6-08DD78718817,Alumbrado exterior
51105885-6C62-4C80-87DF-35687C08628D,9ABA7228-87EF-482A-A1BB-08DC4397766E,18748AAB-CA5C-4C44-A6D5-1969D1E8962C,Puerta,0,Estado,Estado,Estado,3E75B22F-478B-48D7-7F2F-08DD63418751,Puerta azotea
3FE8F1D3-65A1-4C39-9B19-358574E091A5,9D7377E0-82EC-49C1-A1BD-08DC4397766E,61403F55-30BE-4257-9BC6-4872E73CDFC4,Resistencia deshielo,1,Corriente,Amperes,A,D578FCDF-7B11-4172-7F28-08DD63418751,Cuarto de congelación
F25DDF5D-968A-412C-9C5A-35D3A6523248,8DCFFF66-4B0E-42A0-26B4-08DC84ADECD9,9F057CEF-130A-4465-AD7F-D7A59BD77C8F,Cisterna Agua Interna,0,Nivel - mAh,Miliamperios,mAh,534D6BDC-A1FD-40C9-7F2A-08DD63418751,Cuarto de Máquinas
CC53EF06-36ED-4A86-990E-369C02CA8EB1,9D7377E0-82EC-49C1-A1BD-08DC4397766E,0541E963-70A8-447A-08EE-08DC4396417D,Fase 1 Bomba 2,0,Corriente,Amperes,A,FC229865-D43A-4F2E-34AC-08DC43941E6D,Bomba 2
DECBAB18-47D6-47F2-A8EC-37068ABB0034,9ABA7228-87EF-482A-A1BB-08DC4397766E,9FA10FFF-0234-4FD6-7AD9-08DC484D82CA,Estado puerta conservacion 1,0,Estado,Estado,Estado,A643E277-B0F6-49DB-34AA-08DC43941E6D,Puerta conservacion 1
014BB706-8D20-4CAC-959F-37AC9C6458B7,5485A1F6-3775-436F-A1B9-08DC4397766E,696FE373-EA4F-413F-A29E-BD43B6746F4A,Temperatura,1,Temperatura,Centigrados,°C,A1B8954E-DF08-428C-301F-08DD47A4A871,Cuarto de congelación
22F8B472-4022-41A9-B7B7-37E83A532DF0,9D7377E0-82EC-49C1-A1BD-08DC4397766E,9E09B069-82DE-4FBE-8CF1-97BF8B6A8490,Acometida principal F1 Derivación 2,0,Corriente,Amperes,A,8F75A203-C4D7-4AF2-5072-08DC48553496,Acometida principal 1
F4D9448D-493F-420A-94D9-38D188B992BD,9D7377E0-82EC-49C1-A1BD-08DC4397766E,696FE373-EA4F-413F-A29E-BD43B6746F4A,Fase 1,1,Corriente,Amperes,A,A1B8954E-DF08-428C-301F-08DD47A4A871,Cuarto de congelación
F8196A2F-90E9-402F-BF93-3972F42F2676,27CF176D-2BF1-4EDC-A1BE-08DC4397766E,CDFD0AEB-4BC5-40E5-86BC-1E224FA4EAD0,Presión Agua Interna,0,Presión,Presión,PSI,4E634550-CF45-46DF-3022-08DD47A4A871,Cuarto de Máquinas
3ADF2103-14E8-42A6-8598-398A7D5FFB85,9D7377E0-82EC-49C1-A1BD-08DC4397766E,8CD4F345-9E85-44F2-A712-5C220D9259A9,Fase 3 - Derivación 2,0,Corriente,Amperes,A,68C7ECB8-B78C-4341-D9B1-08DD3FEE69C9,Acometida principal
A0CA151A-02E8-401F-B5FC-3BAE6C1A2C80,8DCFFF66-4B0E-42A0-26B4-08DC84ADECD9,CDFD0AEB-4BC5-40E5-86BC-1E224FA4EAD0,Cisterna Agua Interna,0,Nivel - mAh,Miliamperios,mAh,4E634550-CF45-46DF-3022-08DD47A4A871,Cuarto de Máquinas
87BF3807-3D2A-4AF1-9030-3BCBEA51D6A0,9D7377E0-82EC-49C1-A1BD-08DC4397766E,CF92A35A-0B92-4DFA-A9EA-8A54150DDACD,Fase 1 Bomba 1,0,Corriente,Amperes,A,BAB5B800-B13B-44A4-301B-08DD47A4A871,Cuarto de Máquinas
4C9B294D-2D33-4506-923B-3C0943CA8C5F,A10313E6-4D60-4C90-26B5-08DC84ADECD9,33988121-56DE-4302-8A3F-1E4E4EBEC1BA,Switch 1,1,Encendido,encendido,enc,67EFBB29-06F1-48B2-6437-08DDE0FE0D22,Alumbrado de Muro
38B11199-E69F-4230-B57F-3C362D6D49DD,A10313E6-4D60-4C90-26B5-08DC84ADECD9,CA01B7F5-3949-49F8-9186-B94A3EA90910,Switch 2,1,Encendido,encendido,enc,1EBC6137-C613-4A58-5570-08DDDE84D8AA,Alumbrado Exterior
5EEDCB3A-B316-4CCE-9D19-3C36A3CF6658,8891A495-F50C-4ABB-8906-08DDEFF3AB11,7E8F020E-AFA7-48E0-82F6-BDCEC9F099A7,Modo,1,Modo Termostato,none,none,46AA3786-0591-46E3-6435-08DDE0FE0D22,A/C de Comedor
FBA5CA88-2A43-4DD0-BEBF-3DA4564C161B,9ABA7228-87EF-482A-A1BB-08DC4397766E,18EF5589-4361-4A4C-7ADB-08DC484D82CA,Estado puerta congelación 1,0,Estado,Estado,Estado,7A6F2526-8BD4-4589-34AB-08DC43941E6D,Puerta congelacion 1
41A5BB9D-52BD-4194-B5D2-3DBE0F177C5A,279BB078-A028-45C7-A1BA-08DC4397766E,724834F5-B593-4E6C-9C7B-B3E017025318,Humedad,0,Humedad,Porciento,%,1D9E7A76-A306-433B-7F26-08DD63418751,Comedor
3453DA27-AC58-485F-99F5-3E3A7A4CC3DC,9D7377E0-82EC-49C1-A1BD-08DC4397766E,3E4C183B-2BC4-4E1F-7AD5-08DC484D82CA,Fase 3,1,Corriente,Amperes,A,7A6F2526-8BD4-4589-34AB-08DC43941E6D,Compresor congelacion 1
C58B8E59-5DB9-4384-BDC5-3EB183684BF5,A10313E6-4D60-4C90-26B5-08DC84ADECD9,E57DBE1C-5823-4D86-9B0D-EF120779886A,Alumbrado muro 1 switch 1,1,Encendido,encendido,enc,B6298C92-209A-4D02-6C3D-08DC84AC8408,Alumbrado de muro 1
A5959A22-3CD0-4A36-9FDB-421E66D9B6F5,9D7377E0-82EC-49C1-A1BD-08DC4397766E,9D5E9B81-70CE-4DD6-90D0-006F7DA796FA,Resistencia deshielo,1,Corriente,Amperes,A,9F33CBEA-6D72-4E8A-615F-08DD5B605483,Cuarto de Congelación
B2F37AEB-C577-44FD-A3AD-42FE230DE94B,9ABA7228-87EF-482A-A1BB-08DC4397766E,7C100358-4F00-4F3B-7ADE-08DC484D82CA,Estado puerta azotea 1,0,Estado,Estado,Estado,AEB76457-F970-4BA8-5073-08DC48553496,Puerta azotea 1
91C62972-4158-4D6C-AF28-44205CBC530D,9D7377E0-82EC-49C1-A1BD-08DC4397766E,93D92608-4B66-41B5-B00F-B5B82AC52F3A,Fase 3 Derivación 1,0,Corriente,Amperes,A,F1F8AF74-486B-4248-616C-08DD5B605483,Acometida Principal
53AC82C7-C547-4BB7-818B-46888CEEE616,8DCFFF66-4B0E-42A0-26B4-08DC84ADECD9,CDFD0AEB-4BC5-40E5-86BC-1E224FA4EAD0,Cisterna Agua Externa,0,Nivel - mAh,Miliamperios,mAh,4E634550-CF45-46DF-3022-08DD47A4A871,Cuarto de Máquinas
07DCBE41-732C-46D9-9FF2-476C91AE39CC,A10313E6-4D60-4C90-26B5-08DC84ADECD9,58740869-2027-4917-9A66-C20003422F7C,Switch 2,1,Encendido,encendido,enc,59545DDF-66B9-49EE-5571-08DDDE84D8AA,Road Sign
2A37E45C-A3BF-48E7-B157-476CA73F55B1,8DCFFF66-4B0E-42A0-26B4-08DC84ADECD9,9F057CEF-130A-4465-AD7F-D7A59BD77C8F,Cisterna Agua Externa,0,Nivel - mAh,Miliamperios,mAh,534D6BDC-A1FD-40C9-7F2A-08DD63418751,Cuarto de Máquinas
48FB3581-9480-4792-BCE1-48626D925548,9ABA7228-87EF-482A-A1BB-08DC4397766E,B3A1E542-766D-4DA3-952D-819C0B1C498D,Puerta,0,Estado,Estado,Estado,ACCC0D44-ED26-4350-15D8-08DD4AD02859,Cuarto de conservación
185853AF-1F49-4FAA-BCFC-4874A50D9297,9ABA7228-87EF-482A-A1BB-08DC4397766E,AD762D7A-6363-48CC-ACB1-F426EFE8AB01,Puerta servicio,0,Estado,Estado,Estado,A68735AC-C156-404B-9C0D-08DD462E560B,Cuarto de congelación
489818CF-F6D9-4DEF-BD73-48B2181200CB,5485A1F6-3775-436F-A1B9-08DC4397766E,14D14673-1348-48D9-83C5-CB13B662FA37,Temperatura,1,Temperatura,Centigrados,°C,2A53B338-BD72-4636-9C0E-08DD462E560B,Cuarto de conservación
4D1BE407-B5A1-42CB-A476-490E2D801743,9D7377E0-82EC-49C1-A1BD-08DC4397766E,61403F55-30BE-4257-9BC6-4872E73CDFC4,Fase 1,1,Corriente,Amperes,A,D578FCDF-7B11-4172-7F28-08DD63418751,Cuarto de congelación
48A5BF6F-60F3-459C-AA52-49D2795B4543,279BB078-A028-45C7-A1BA-08DC4397766E,9D5E9B81-70CE-4DD6-90D0-006F7DA796FA,Humedad,1,Humedad,Porciento,%,9F33CBEA-6D72-4E8A-615F-08DD5B605483,Cuarto de Congelación
1891AB4D-2704-4F6D-BDDC-4A232F7185AC,5485A1F6-3775-436F-A1B9-08DC4397766E,E3849B31-369D-40B5-7AD4-08DC484D82CA,Temperatura congelación 1,1,Temperatura,Centigrados,°C,7A6F2526-8BD4-4589-34AB-08DC43941E6D,Ambiente congelacion 1
365AF5B7-74F1-4363-A532-4B0121CD219B,9ABA7228-87EF-482A-A1BB-08DC4397766E,30F6D09A-C0F8-461A-B648-D169737809CD,Puerta,0,Estado,Estado,Estado,4E1AC280-30FF-4187-6166-08DD5B605483,Almacén de secos
C5B29865-8186-4A99-8269-4D908F45536A,9D7377E0-82EC-49C1-A1BD-08DC4397766E,AD762D7A-6363-48CC-ACB1-F426EFE8AB01,Fase 2,1,Corriente,Amperes,A,A68735AC-C156-404B-9C0D-08DD462E560B,Cuarto de congelación
FC16D944-774F-4278-8300-4E2B344C0189,9D7377E0-82EC-49C1-A1BD-08DC4397766E,9F057CEF-130A-4465-AD7F-D7A59BD77C8F,Fase 1 Bomba 2,0,Corriente,Amperes,A,534D6BDC-A1FD-40C9-7F2A-08DD63418751,Cuarto de Máquinas
5227D828-B7DB-4435-9F3F-4F14DDAEF64D,9ABA7228-87EF-482A-A1BB-08DC4397766E,D27783B9-DBE2-4250-9DC7-F8C073A96EEF,Puerta,0,Estado,Estado,Estado,45D13CB8-2DAC-4E63-3020-08DD47A4A871,Cuarto de conservación
FCD32C37-D066-40A6-A49A-4F3C6E8F60CF,9D7377E0-82EC-49C1-A1BD-08DC4397766E,231BEA78-E25B-457B-08EC-08DC4396417D,Fase 3,1,Corriente,Amperes,A,A643E277-B0F6-49DB-34AA-08DC43941E6D,Compresor conservacion 1
BA2CB728-5479-48BE-913D-4F90D6B46BE1,9ABA7228-87EF-482A-A1BB-08DC4397766E,9B697DDD-E17F-4797-9562-A972E2989BD2,Puerta servicio,0,Estado,Estado,Estado,A1E6E163-B433-4A97-301C-08DD47A4A871,Cuarto de congelación
FF0EFF50-0AC6-48D7-A344-4FAA27B30182,A10313E6-4D60-4C90-26B5-08DC84ADECD9,16215150-DCAF-4440-BC8C-1101B69BDBAE,Switch 3,0,Encendido,encendido,enc,7B3AD587-AFC2-473B-6164-08DD5B605483,Alumbrado Exterior
AFF6E574-E8FB-482E-B052-4FC1283CE807,9D7377E0-82EC-49C1-A1BD-08DC4397766E,53838C72-6170-42B3-9747-36E93D523143,Fase 1 Bomba 1,0,Corriente,Amperes,A,06D04A26-1532-4B8C-6161-08DD5B605483,Cuarto de Máquinas
CE8D69C8-5B2D-4B9A-953D-50149AED7403,A10313E6-4D60-4C90-26B5-08DC84ADECD9,7FE56B12-DF8A-4D40-B895-825033871B59,Switch 2,0,Encendido,encendido,enc,67EFBB29-06F1-48B2-6437-08DDE0FE0D22,Alumbrado Exterior
68CDA937-9A45-4217-B2BA-50837A3D9A30,9D7377E0-82EC-49C1-A1BD-08DC4397766E,55C1A24A-986E-49CC-85EF-3AEC76375CFC,Fase 1 Derivación 2,0,Corriente,Amperes,A,0DF7CCB8-9BD7-4849-616D-08DD5B605483,Acometida Principal
84F91469-D6CB-447F-851A-52647849A17F,5485A1F6-3775-436F-A1B9-08DC4397766E,7EC58114-5C57-4D22-AC0B-8B218889DB09,Temperatura,0,Temperatura,Centigrados,°C,A621B27B-69C8-46B2-615E-08DD5B605483,Playland
05101BFF-AB55-4271-B009-52A0C00378FF,9D7377E0-82EC-49C1-A1BD-08DC4397766E,6E6C561F-2AB9-492B-8A2F-BF64804D9D7B,Fase 1,1,Corriente,Amperes,A,963B2FCB-ED92-40EC-7F29-08DD63418751,Cuarto de conservación
F6B0BF8F-E653-426F-AAFD-5335CBB98FB7,A10313E6-4D60-4C90-26B5-08DC84ADECD9,7B7ADD59-43C7-45C8-B485-F0D388EC3658,Alumbrado exterior 1 switch 2,1,Encendido,encendido,enc,B6298C92-209A-4D02-6C3D-08DC84AC8408,Alumbrado exterior 1
F9E4584E-7441-40EF-98CC-53822D73BC28,A10313E6-4D60-4C90-26B5-08DC84ADECD9,AD93DD71-7AAA-4CE1-B72E-BEBDBC596EE4,Switch 3,1,Encendido,encendido,enc,7126C221-E070-4FC5-32B6-08DD78718817,Alumbrado exterior
9684DD45-9F9A-443D-836E-54A7130F410B,9D7377E0-82EC-49C1-A1BD-08DC4397766E,CDFD0AEB-4BC5-40E5-86BC-1E224FA4EAD0,Fase 1 Bomba 1,0,Corriente,Amperes,A,4E634550-CF45-46DF-3022-08DD47A4A871,Cuarto de Máquinas
0335E4C1-F15D-436B-AE34-553D543D7B22,8891A495-F50C-4ABB-8906-08DDEFF3AB11,A724628A-8ABC-4AEA-9ECE-6F0C3DE1C2C8,Modo,1,Modo Termostato,none,none,90588848-36F5-4707-6436-08DDE0FE0D22,A/C de Cocina
1E86880A-BA08-4AE4-9057-5893F0C82C23,9D7377E0-82EC-49C1-A1BD-08DC4397766E,93D92608-4B66-41B5-B00F-B5B82AC52F3A,Fase 2 Derivación 2,0,Corriente,Amperes,A,F1F8AF74-486B-4248-616C-08DD5B605483,Acometida Principal
389DAAC2-962C-4A11-A2F4-58D33262163E,279BB078-A028-45C7-A1BA-08DC4397766E,D27783B9-DBE2-4250-9DC7-F8C073A96EEF,Humedad,1,Humedad,Porciento,%,45D13CB8-2DAC-4E63-3020-08DD47A4A871,Cuarto de conservación
593C2473-4AA4-4A1F-B0BC-59D4CDB0DD46,9D7377E0-82EC-49C1-A1BD-08DC4397766E,ECC33A2E-0C26-48D4-9696-FD22ECD80785,Fase 1 Derivación 2,0,Corriente,Amperes,A,9F627057-EE57-4F0D-7F2E-08DD63418751,Acometida Principal
05FA3E19-4F5A-4F58-8374-5A6B33E0329B,9D7377E0-82EC-49C1-A1BD-08DC4397766E,B1CF61F6-DBDC-420F-857C-185D01F6C445,Fase 3 Derivación 1,0,Corriente,Amperes,A,6DBD1C36-49EC-40EC-616B-08DD5B605483,Acometida Principal
635B3621-E7D1-46BC-88B6-5B3AF1BF7B40,9D7377E0-82EC-49C1-A1BD-08DC4397766E,18B1155F-DBEA-44AA-98FA-11E571E965F1,Fase 1,1,Corriente,Amperes,A,1BA08890-9274-44C8-D9B8-08DD3FEE69C9,Máquina de nieve
4BD1FC56-3FC0-4BB2-9612-5BAD04FDDC38,5279F774-7E84-4F18-8905-08DDEFF3AB11,7E8F020E-AFA7-48E0-82F6-BDCEC9F099A7,Set,1,Temperatura Programable,°C,°C,46AA3786-0591-46E3-6435-08DDE0FE0D22,A/C de Comedor
8D2A68BD-212F-450A-8B82-5C66BE2CD87A,279BB078-A028-45C7-A1BA-08DC4397766E,B3A1E542-766D-4DA3-952D-819C0B1C498D,Humedad,1,Humedad,Porciento,%,ACCC0D44-ED26-4350-15D8-08DD4AD02859,Cuarto de conservación
C6860E23-5057-4384-B340-5D3633AF1E45,9D7377E0-82EC-49C1-A1BD-08DC4397766E,14D14673-1348-48D9-83C5-CB13B662FA37,Fase 1,1,Corriente,Amperes,A,2A53B338-BD72-4636-9C0E-08DD462E560B,Cuarto de conservación
F9854F93-B192-4969-A7B2-5D3CA97A9D39,5485A1F6-3775-436F-A1B9-08DC4397766E,65448709-0C2F-4151-9502-30CFE1C6EDBC,Temperatura,0,Temperatura,Centigrados,°C,E939DCF9-4C1B-4D8E-15D7-08DD4AD02859,Playland
8F127C0B-4CB6-4B0B-87B4-5D7DE8FBCDC1,A10313E6-4D60-4C90-26B5-08DC84ADECD9,7FE56B12-DF8A-4D40-B895-825033871B59,Switch 1,0,Encendido,encendido,enc,67EFBB29-06F1-48B2-6437-08DDE0FE0D22,Alumbrado Exterior
2F3560BA-C880-4A76-996B-5D835EC74E97,9D7377E0-82EC-49C1-A1BD-08DC4397766E,D27783B9-DBE2-4250-9DC7-F8C073A96EEF,Fase 1,1,Corriente,Amperes,A,45D13CB8-2DAC-4E63-3020-08DD47A4A871,Cuarto de conservación
062C86DC-8C4C-4A6A-903A-5D9A5C0F7685,279BB078-A028-45C7-A1BA-08DC4397766E,E3849B31-369D-40B5-7AD4-08DC484D82CA,Humedad congelación 1,1,Humedad,Porciento,%,7A6F2526-8BD4-4589-34AB-08DC43941E6D,Ambiente congelacion 1
47A1A897-CB77-4299-84E8-5DCA7801D349,27CF176D-2BF1-4EDC-A1BE-08DC4397766E,776A7695-9650-46A0-8651-B02946E0E18E,Presión Agua Interna,0,Presión,Presión,PSI,9CF3BAD1-AC37-485D-C13A-08DD505DEC58,Cuarto de Máquinas
AB644331-7C8C-40F2-BB54-5E533C0415C0,9D7377E0-82EC-49C1-A1BD-08DC4397766E,ECC33A2E-0C26-48D4-9696-FD22ECD80785,Fase 3 Derivación 2,0,Corriente,Amperes,A,9F627057-EE57-4F0D-7F2E-08DD63418751,Acometida Principal
7014FFFA-571E-4274-A669-5E548A91840E,5485A1F6-3775-436F-A1B9-08DC4397766E,E8F71D0A-7628-4EBE-7AD3-08DC484D82CA,Temperatura conservacion,1,Temperatura,Centigrados,°C,A643E277-B0F6-49DB-34AA-08DC43941E6D,Ambiente conservacion 1
EB8A65F1-A585-4E93-8CA1-5EA49977F767,A10313E6-4D60-4C90-26B5-08DC84ADECD9,277282AD-425C-4EC3-ADA1-7F9EAE0844A3,Switch 1,1,Encendido,encendido,enc,2AC4BA5F-6FAD-4EDD-643E-08DDE0FE0D22,Luces Wash
42D86407-9679-4224-86DD-5EC7B756D38D,9ABA7228-87EF-482A-A1BB-08DC4397766E,4014F3F4-317C-4094-7ADD-08DC484D82CA,Estado puerta salida de emergencia 1,0,Estado,Estado,Estado,8F75A203-C4D7-4AF2-5072-08DC48553496,Puerta salida de emergencia 1
2B780E77-DC0C-4164-BA4E-5F0C0526DEA4,998830B7-90B8-4248-8908-08DDEFF3AB11,7E8F020E-AFA7-48E0-82F6-BDCEC9F099A7,Estado (On/Off),1,On/Off Termostato,none,none,46AA3786-0591-46E3-6435-08DDE0FE0D22,A/C de Comedor
DAC58D9B-17B8-4191-BC75-602CDCE96A71,9D7377E0-82EC-49C1-A1BD-08DC4397766E,B3A1E542-766D-4DA3-952D-819C0B1C498D,Fase 3,1,Corriente,Amperes,A,ACCC0D44-ED26-4350-15D8-08DD4AD02859,Cuarto de conservación
F8F6C289-A050-4FAD-8354-60363790D76D,9D7377E0-82EC-49C1-A1BD-08DC4397766E,8A97714B-379B-41AB-988D-B1BE47199793,Fase 2,1,Corriente,Amperes,A,DB8B9F53-8B1D-4093-7F2B-08DD63418751,Máquina de Sodas
267E3D44-9B7F-460C-B34B-603FE0FA9972,9D7377E0-82EC-49C1-A1BD-08DC4397766E,9E09B069-82DE-4FBE-8CF1-97BF8B6A8490,Acometida principal F3 Derivación 2,0,Corriente,Amperes,A,8F75A203-C4D7-4AF2-5072-08DC48553496,Acometida principal 1
6A989248-36EF-499C-86FD-60CEC86CFE02,A10313E6-4D60-4C90-26B5-08DC84ADECD9,68CDDBC6-298E-4DDE-88CB-6C03AD5D24D1,Switch 1,1,Encendido,encendido,enc,59545DDF-66B9-49EE-5571-08DDDE84D8AA,Alumbrado Exterior
628A22C8-02E0-4945-9667-60ED37216E5C,A10313E6-4D60-4C90-26B5-08DC84ADECD9,189C7639-C385-44C1-B47C-65929B1B0B6A,Switch 1,1,Encendido,encendido,enc,90588848-36F5-4707-6436-08DDE0FE0D22,Luces Cocina
AFAC7EA3-40FF-4177-A2CA-60F1742896F6,9D7377E0-82EC-49C1-A1BD-08DC4397766E,55C1A24A-986E-49CC-85EF-3AEC76375CFC,Fase 2 Derivación 1,0,Corriente,Amperes,A,0DF7CCB8-9BD7-4849-616D-08DD5B605483,Acometida Principal
78885BAF-8172-4AEA-8875-610810A132FB,9D7377E0-82EC-49C1-A1BD-08DC4397766E,8DB1C508-58F3-481E-96A7-96CFB248FD06,Fase 2,1,Corriente,Amperes,A,D96624C9-EB67-464F-D9C7-08DD3FEE69C9,Máquina de Sodas
FAACC363-98AD-490D-A3CE-613C1F3E3CC2,998830B7-90B8-4248-8908-08DDEFF3AB11,A724628A-8ABC-4AEA-9ECE-6F0C3DE1C2C8,Estado (On/Off),1,On/Off Termostato,none,none,90588848-36F5-4707-6436-08DDE0FE0D22,A/C de Cocina
1620956C-77D6-469E-82F8-6272FD987503,5485A1F6-3775-436F-A1B9-08DC4397766E,8CE6B083-70F6-4C65-7AD7-08DC484D82CA,Temperatura comedor 1,0,Temperatura,Centigrados,°C,C7397134-6D3F-4FB3-34A8-08DC43941E6D,Ambiente comedor 1
BE2DD365-7576-4599-9757-63A0F9F4D485,9D7377E0-82EC-49C1-A1BD-08DC4397766E,AD762D7A-6363-48CC-ACB1-F426EFE8AB01,Resistencia deshielo,1,Corriente,Amperes,A,A68735AC-C156-404B-9C0D-08DD462E560B,Cuarto de congelación
B207ABF8-52C2-4077-AA20-640E181C078E,279BB078-A028-45C7-A1BA-08DC4397766E,65448709-0C2F-4151-9502-30CFE1C6EDBC,Humedad,0,Humedad,Porciento,%,E939DCF9-4C1B-4D8E-15D7-08DD4AD02859,Playland
A5103F3F-543F-4C5B-B181-66816A1AA6AD,9D7377E0-82EC-49C1-A1BD-08DC4397766E,F2FFE4A3-CE7B-47FB-9A47-C3189FFC58AA,Fase 2,1,Corriente,Amperes,A,DC9115DC-1AD2-4804-6165-08DD5B605483,Máquina de nieve
2508285A-AFD3-456A-B498-66C7C218F152,279BB078-A028-45C7-A1BA-08DC4397766E,AD762D7A-6363-48CC-ACB1-F426EFE8AB01,Humedad,1,Humedad,Porciento,%,A68735AC-C156-404B-9C0D-08DD462E560B,Cuarto de congelación
73211341-7D20-4702-9D52-66D9813E5BBD,9D7377E0-82EC-49C1-A1BD-08DC4397766E,B96B2528-80B5-48AA-9980-63E2A3B80180,Fase 2,1,Corriente,Amperes,A,271DC565-7852-4372-34A9-08DC43941E6D,Máquina de nieve
815512CF-0A4E-4235-AC24-686386B9B727,9ABA7228-87EF-482A-A1BB-08DC4397766E,18EF5589-4361-4A4C-7ADB-08DC484D82CA,Estado puerta congelacion 1,0,Estado,Estado,Estado,7A6F2526-8BD4-4589-34AB-08DC43941E6D,Puerta congelacion 1
03912779-A9DF-4465-8092-686962E2EBAF,9D7377E0-82EC-49C1-A1BD-08DC4397766E,ECC33A2E-0C26-48D4-9696-FD22ECD80785,Fase 1 Derivación 1,0,Corriente,Amperes,A,9F627057-EE57-4F0D-7F2E-08DD63418751,Acometida Principal
5D677D3F-9295-430F-A3A3-6A529F07174A,5485A1F6-3775-436F-A1B9-08DC4397766E,1754BCEC-13F0-4DF9-A8B0-2BB1B503631D,Temperatura,0,Temperatura,Centigrados,°C,EF45ED01-AC81-407F-D9C0-08DD3FEE69C9,Playland
DAF0FFBF-3571-4F63-BDE7-6BBA6C84B0FB,5485A1F6-3775-436F-A1B9-08DC4397766E,A724628A-8ABC-4AEA-9ECE-6F0C3DE1C2C8,Temperatura Actual,1,Temperatura,Centigrados,°C,90588848-36F5-4707-6436-08DDE0FE0D22,A/C de Cocina
1E32D6AC-8740-4F45-BF58-6BCE274FB637,9ABA7228-87EF-482A-A1BB-08DC4397766E,7252090D-5988-4191-7ADC-08DC484D82CA,Puerta,0,Estado,Estado,Estado,69B4FB6D-4CA4-4F12-5071-08DC48553496,Almacén de secos
43412CF7-8794-43EF-970C-6BD42BC8361A,9D7377E0-82EC-49C1-A1BD-08DC4397766E,696FE373-EA4F-413F-A29E-BD43B6746F4A,Fase 2,1,Corriente,Amperes,A,A1B8954E-DF08-428C-301F-08DD47A4A871,Cuarto de congelación
2C3447BD-912B-4243-B092-6C75F8D5B010,9D7377E0-82EC-49C1-A1BD-08DC4397766E,0AD248E3-9A82-44D6-A911-3FC724B1B676,Fase 2,1,Corriente,Amperes,A,3E75B22F-478B-48D7-7F2F-08DD63418751,Máquina de nieve
A03430E9-B8DF-4A11-8C45-6D0C1C19EC0E,9D7377E0-82EC-49C1-A1BD-08DC4397766E,B96B2528-80B5-48AA-9980-63E2A3B80180,Fase 3,1,Corriente,Amperes,A,271DC565-7852-4372-34A9-08DC43941E6D,Máquina de nieve
8AB66ECC-889F-4870-B96D-6FC8172C116C,A10313E6-4D60-4C90-26B5-08DC84ADECD9,7931CB8C-16A5-4CA1-BF64-57255ED84A38,Switch 3,0,Encendido,encendido,enc,7B3AD587-AFC2-473B-6164-08DD5B605483,Road Sign
E29035B8-B49F-4E19-AF6B-70FD76643166,279BB078-A028-45C7-A1BA-08DC4397766E,7433F83E-62EC-47A2-AE5A-451C0F7BECB1,Humedad,0,Humedad,Porciento,%,C7DAFC7B-B194-4106-7F27-08DD63418751,Playland
93FCC895-86A6-48AF-A5BA-742C43A3D70E,279BB078-A028-45C7-A1BA-08DC4397766E,6E6C561F-2AB9-492B-8A2F-BF64804D9D7B,Humedad,1,Humedad,Porciento,%,963B2FCB-ED92-40EC-7F29-08DD63418751,Cuarto de conservación
329D0889-4B52-4B69-82A1-745A80B5ACA9,9ABA7228-87EF-482A-A1BB-08DC4397766E,F5DEBCD0-090B-439A-BE96-F13AA7006404,Estado de caja fuerte,0,Estado,Estado,Estado,B3DC2C0B-E08D-403A-7F2C-08DD63418751,Caja fuerte
05C4863A-D596-49E7-92A7-74B5F033B6E1,9ABA7228-87EF-482A-A1BB-08DC4397766E,AB451C41-7DAD-4310-9CA6-74F8808F44B1,Puerta,0,Estado,Estado,Estado,3E75B22F-478B-48D7-7F2F-08DD63418751,Puerta de emergencia
78B3187C-5786-4FCC-9D72-75AF6591BE53,5485A1F6-3775-436F-A1B9-08DC4397766E,E3849B31-369D-40B5-7AD4-08DC484D82CA,Temperatura congelacion 1,0,Temperatura,Centigrados,°C,7A6F2526-8BD4-4589-34AB-08DC43941E6D,Ambiente congelacion 1
2DDE7987-C93D-416A-A384-75EE9D268481,A10313E6-4D60-4C90-26B5-08DC84ADECD9,ED5B45ED-142D-4B09-B7A7-0349360AEA32,Switch 3,1,Encendido,encendido,enc,8C213D36-9843-4DDC-5573-08DDDE84D8AA,Alumbrado Exterior
8A6B0623-B3C8-4DEF-BE0F-767DFB7B3AE6,9D7377E0-82EC-49C1-A1BD-08DC4397766E,8CD4F345-9E85-44F2-A712-5C220D9259A9,Fase 2 - Derivación 1,0,Corriente,Amperes,A,68C7ECB8-B78C-4341-D9B1-08DD3FEE69C9,Acometida principal
2689FD7E-9993-4B36-B48C-76F54B00E20D,A10313E6-4D60-4C90-26B5-08DC84ADECD9,CA01B7F5-3949-49F8-9186-B94A3EA90910,Switch 3,1,Encendido,encendido,enc,1EBC6137-C613-4A58-5570-08DDDE84D8AA,Alumbrado Exterior
B0EDDC40-63E1-4750-B3B2-777CD31E9E81,A10313E6-4D60-4C90-26B5-08DC84ADECD9,490C7206-8705-444F-ADCD-1E7591222F29,Switch 3,1,Encendido,encendido,enc,7126C221-E070-4FC5-32B6-08DD78718817,Road Sign
E275933D-6F31-420E-8ACD-77A79EC56262,279BB078-A028-45C7-A1BA-08DC4397766E,E8F71D0A-7628-4EBE-7AD3-08DC484D82CA,Conservacion humedad,1,Humedad,Porciento,%,A643E277-B0F6-49DB-34AA-08DC43941E6D,Ambiente conservacion 1
51A69749-0760-4D30-AF0D-78666BDE3945,9D7377E0-82EC-49C1-A1BD-08DC4397766E,AD762D7A-6363-48CC-ACB1-F426EFE8AB01,Fase 3,1,Corriente,Amperes,A,A68735AC-C156-404B-9C0D-08DD462E560B,Cuarto de congelación
B0C846EA-EB43-4867-89D8-787421737A07,9D7377E0-82EC-49C1-A1BD-08DC4397766E,42D07B06-A180-4ED7-B3C0-FB91C4A7EFFC,Fase 2,1,Corriente,Amperes,A,F130E155-AA8E-44C0-D9B4-08DD3FEE69C9,Máquina de Sodas
BAA284A7-6777-4389-8CD4-78C23E7E6BB9,279BB078-A028-45C7-A1BA-08DC4397766E,8CE6B083-70F6-4C65-7AD7-08DC484D82CA,Humedad comedor 1,0,Humedad,Porciento,%,C7397134-6D3F-4FB3-34A8-08DC43941E6D,Ambiente comedor 1
1D7E8422-1EBF-43F3-BF4D-79C627ABE07D,9ABA7228-87EF-482A-A1BB-08DC4397766E,EF7FBD24-3635-4FDC-9C96-2F892D52AF6E,Estado de Caja Fuerte,0,Estado,Estado,Estado,6322F120-EBBF-498B-6163-08DD5B605483,Caja Fuerte
DC862405-74F9-4C47-B26F-7A73B0825EA9,A10313E6-4D60-4C90-26B5-08DC84ADECD9,C0B0E855-A11A-49EE-9C0F-94F09AF4B16F,Road sign 1 switch 1,1,Encendido,encendido,enc,B6298C92-209A-4D02-6C3D-08DC84AC8408,Road Sign
5E78E7EB-10C6-4DBE-8E25-7A935B9B2F28,9D7377E0-82EC-49C1-A1BD-08DC4397766E,0AD248E3-9A82-44D6-A911-3FC724B1B676,Fase 1,1,Corriente,Amperes,A,3E75B22F-478B-48D7-7F2F-08DD63418751,Máquina de nieve
5823A0BA-8CA1-4D4E-A62C-7ABB114F190F,279BB078-A028-45C7-A1BA-08DC4397766E,3FBEEC58-226A-4F04-960E-7E9979C79D12,Humedad,0,Humedad,Porciento,%,EE9A0AD1-194D-4E62-D9CA-08DD3FEE69C9,Playland
236E3296-F0FE-4EFA-8C5D-7AD5AC3110E1,A10313E6-4D60-4C90-26B5-08DC84ADECD9,16215150-DCAF-4440-BC8C-1101B69BDBAE,Switch 1,1,Encendido,encendido,enc,7B3AD587-AFC2-473B-6164-08DD5B605483,Alumbrado Exterior
7C2C560B-A76C-4F74-80E0-7BA0892D8938,A10313E6-4D60-4C90-26B5-08DC84ADECD9,241B8C0B-B36A-46B7-B76C-3305E7F0EDCC,Switch 1,1,Encendido,encendido,enc,7B3AD587-AFC2-473B-6164-08DD5B605483,Alumbrado de Muro
4357B174-19AE-4703-A900-7C6253240204,279BB078-A028-45C7-A1BA-08DC4397766E,E79787D1-7A8E-4806-AC1B-2EA0BD86A8A1,Humedad,0,Humedad,Porciento,%,BBA59657-F9DB-4325-D9B7-08DD3FEE69C9,Comedor
5CE12BA5-52BA-4E7C-AD45-7CFABDA36193,A10313E6-4D60-4C90-26B5-08DC84ADECD9,AD93DD71-7AAA-4CE1-B72E-BEBDBC596EE4,Switch 1,1,Encendido,encendido,enc,7126C221-E070-4FC5-32B6-08DD78718817,Alumbrado exterior
3E89A495-9840-43E4-A011-7ED0FDEBE17D,5485A1F6-3775-436F-A1B9-08DC4397766E,3FBEEC58-226A-4F04-960E-7E9979C79D12,Temperatura,0,Temperatura,Centigrados,°C,EE9A0AD1-194D-4E62-D9CA-08DD3FEE69C9,Playland
F2844EA1-632E-48C1-AEC3-8070483FDC65,5485A1F6-3775-436F-A1B9-08DC4397766E,32E2C47E-D9A7-4B90-85BF-A049537A3B85,Temperatura,1,Temperatura,Centigrados,°C,457A75A2-CAC9-4C47-6442-08DDE0FE0D22,Cuarto de Conservación
503AEF7A-7C49-48F0-9E26-813692C022B4,9D7377E0-82EC-49C1-A1BD-08DC4397766E,F2FFE4A3-CE7B-47FB-9A47-C3189FFC58AA,Fase 1,1,Corriente,Amperes,A,DC9115DC-1AD2-4804-6165-08DD5B605483,Máquina de nieve
1BEDA6A9-0A46-4BBB-A9F6-817464EFCACE,9D7377E0-82EC-49C1-A1BD-08DC4397766E,E8E356AD-5360-4F4E-B7B8-A23621B66905,Fase 1,1,Corriente,Amperes,A,3F372FA1-1E9A-4B95-6441-08DDE0FE0D22,Cuarto de Congelación
ECF389F0-4320-4CDF-A15A-81ADA396020C,9ABA7228-87EF-482A-A1BB-08DC4397766E,47AC5E7A-1DEA-4E26-BB0A-DCC36D48B188,Puerta,0,Estado,Estado,Estado,1BA08890-9274-44C8-D9B8-08DD3FEE69C9,Puerta azotea
29E9E96F-6965-49C5-9E56-820DAC1A77F5,A10313E6-4D60-4C90-26B5-08DC84ADECD9,241B8C0B-B36A-46B7-B76C-3305E7F0EDCC,Switch 2,1,Encendido,encendido,enc,7B3AD587-AFC2-473B-6164-08DD5B605483,Alumbrado de Muro
8D97D6D4-55ED-4D5D-BBDC-82A56C02779A,9ABA7228-87EF-482A-A1BB-08DC4397766E,A1798EA1-580D-4CCD-8EEA-B5FBA92BBD5C,Estado de caja fuerte,0,Estado,Estado,Estado,68C7ECB8-B78C-4341-D9B1-08DD3FEE69C9,Caja fuerte
29C8643F-AE8A-44BA-B70F-82F80DC81F38,27CF176D-2BF1-4EDC-A1BE-08DC4397766E,42D07B06-A180-4ED7-B3C0-FB91C4A7EFFC,Presión agua carbonatada,1,Presión,Presión,PSI,F130E155-AA8E-44C0-D9B4-08DD3FEE69C9,Máquina de Sodas
B7027683-3D94-4C9C-96D8-85A43978CFC2,A10313E6-4D60-4C90-26B5-08DC84ADECD9,490C7206-8705-444F-ADCD-1E7591222F29,Switch 1,1,Encendido,encendido,enc,7126C221-E070-4FC5-32B6-08DD78718817,Road Sign
A12693D1-DA97-4609-AD8A-86730A4AFB17,279BB078-A028-45C7-A1BA-08DC4397766E,30FD6B3C-3187-447B-A5DF-5DAAE8B96BF4,Humedad,1,Humedad,Porciento,%,A1C0B0FB-677C-423E-6160-08DD5B605483,Cuarto de Conservación
A2445C93-48E3-41E8-BC36-86EC90B1E739,9D7377E0-82EC-49C1-A1BD-08DC4397766E,4702B287-6C01-4096-B781-9AE410A506CA,Fase 2,1,Corriente,Amperes,A,B7B4AF07-1232-4DB3-D9AE-08DD3FEE69C9,Máquina de nieve
8146E21C-28E7-424D-8093-870B11C1F809,9ABA7228-87EF-482A-A1BB-08DC4397766E,2BEC929F-1C1B-4720-BAF4-C20552AC8230,Puerta,0,Estado,Estado,Estado,9E115817-6AA4-4C2B-7F2D-08DD63418751,Almacén de secos
1C852C0E-CBEA-47D4-985E-8AD2997F6F24,9ABA7228-87EF-482A-A1BB-08DC4397766E,1A07717B-2F9C-4F5A-B759-FA9976CADE96,Estado puerta de emergencia,0,Estado,Estado,Estado,C16FE55F-4717-4463-D9C2-08DD3FEE69C9,Puerta de emergencia
46CFD862-4473-4479-B0C7-8ADCE073EF07,5279F774-7E84-4F18-8905-08DDEFF3AB11,A724628A-8ABC-4AEA-9ECE-6F0C3DE1C2C8,Set,1,Temperatura Programable,°C,°C,90588848-36F5-4707-6436-08DDE0FE0D22,A/C de Cocina
5C31139D-02DA-4D2A-99D5-8B804B3B5C4C,A10313E6-4D60-4C90-26B5-08DC84ADECD9,E332D70D-364F-4A33-B723-EAF48C65FCAE,Switch 1,1,Encendido,encendido,enc,1EBC6137-C613-4A58-5570-08DDDE84D8AA,Road Sign
8139D3C7-5A4C-40D3-B3A6-8DB4DA769001,9D7377E0-82EC-49C1-A1BD-08DC4397766E,9E09B069-82DE-4FBE-8CF1-97BF8B6A8490,Acometida principal F2 Derivación 1,0,Corriente,Amperes,A,8F75A203-C4D7-4AF2-5072-08DC48553496,Acometida principal 1
A21F595F-91B9-4732-928A-8E49C6BE9CCC,9ABA7228-87EF-482A-A1BB-08DC4397766E,D468FE0D-35A1-479F-B251-8BF932A7B182,Puerta,0,Estado,Estado,Estado,2C32B5F2-BEE4-4098-D9C9-08DD3FEE69C9,Almacén de secos
FD0F4E2B-7409-4209-9DB6-8F4D63251B36,9D7377E0-82EC-49C1-A1BD-08DC4397766E,AD762D7A-6363-48CC-ACB1-F426EFE8AB01,Fase 1,1,Corriente,Amperes,A,A68735AC-C156-404B-9C0D-08DD462E560B,Cuarto de congelación
3E2E9C1E-AF45-4E01-8FBB-8F53FC251639,9D7377E0-82EC-49C1-A1BD-08DC4397766E,9B697DDD-E17F-4797-9562-A972E2989BD2,Fase 3,1,Corriente,Amperes,A,A1E6E163-B433-4A97-301C-08DD47A4A871,Cuarto de congelación
F67FBA8A-57FA-4104-878C-8FD954B6FCD7,A10313E6-4D60-4C90-26B5-08DC84ADECD9,CA01B7F5-3949-49F8-9186-B94A3EA90910,Switch 1,1,Encendido,encendido,enc,1EBC6137-C613-4A58-5570-08DDDE84D8AA,Alumbrado Exterior
25057233-49F7-474F-B924-909AA8BA4A04,279BB078-A028-45C7-A1BA-08DC4397766E,6D978128-9663-4924-7AD8-08DC484D82CA,Humedad playland 1,0,Humedad,Porciento,%,DF7A5A54-7E50-4FF5-34AD-08DC43941E6D,Ambiente playland 1
5975E1F9-C83D-4397-B6F3-90EB26F614DE,A10313E6-4D60-4C90-26B5-08DC84ADECD9,65E0B36C-D73A-43E7-9F8D-1746AE2D3B5C,Switch 1,1,Encendido,encendido,enc,8C213D36-9843-4DDC-5573-08DDDE84D8AA,Alumbrado de Muro
F9DFE574-409A-4577-85A9-9190FDAEF52A,9D7377E0-82EC-49C1-A1BD-08DC4397766E,9D5E9B81-70CE-4DD6-90D0-006F7DA796FA,Fase 2,1,Corriente,Amperes,A,9F33CBEA-6D72-4E8A-615F-08DD5B605483,Cuarto de Congelación
66DDA9DE-2F7E-4A1E-A626-91EC080D3F88,A10313E6-4D60-4C90-26B5-08DC84ADECD9,ED5B45ED-142D-4B09-B7A7-0349360AEA32,Switch 2,1,Encendido,encendido,enc,8C213D36-9843-4DDC-5573-08DDDE84D8AA,Alumbrado Exterior
7FE273F4-90CA-44FE-BE54-927F4773708A,9D7377E0-82EC-49C1-A1BD-08DC4397766E,18B1155F-DBEA-44AA-98FA-11E571E965F1,Fase 3,1,Corriente,Amperes,A,1BA08890-9274-44C8-D9B8-08DD3FEE69C9,Máquina de nieve
F8CF52D5-E768-467B-B2F0-933FDF679CAE,9D7377E0-82EC-49C1-A1BD-08DC4397766E,32E2C47E-D9A7-4B90-85BF-A049537A3B85,Fase 3,1,Corriente,Amperes,A,457A75A2-CAC9-4C47-6442-08DDE0FE0D22,Cuarto de Conservación
FC2E60E5-274C-4515-8AC9-93B23D872FF7,9D7377E0-82EC-49C1-A1BD-08DC4397766E,FC89CD66-1839-4D5F-7A89-08DC484B8C1B,Bomba Rebombeo,0,Corriente,Amperes,A,FC229865-D43A-4F2E-34AC-08DC43941E6D,Bomba rebombeo 1
96FB3BCA-2216-4772-B780-9402682A651B,9D7377E0-82EC-49C1-A1BD-08DC4397766E,9F057CEF-130A-4465-AD7F-D7A59BD77C8F,Bomba Rebombeo,0,Corriente,Amperes,A,534D6BDC-A1FD-40C9-7F2A-08DD63418751,Cuarto de Máquinas
E19CD6A7-8DC1-49B3-ADCC-94E6346C7102,9D7377E0-82EC-49C1-A1BD-08DC4397766E,0DBB34B5-7F5C-4EAD-9E2F-7351B2AFA161,Fase 1,1,Corriente,Amperes,A,0A1C5E12-EE55-44BE-6162-08DD5B605483,Máquina de Sodas
800CBCC2-AE97-4284-B107-9735C299E005,9D7377E0-82EC-49C1-A1BD-08DC4397766E,55C1A24A-986E-49CC-85EF-3AEC76375CFC,Fase 3 Derivación 1,0,Corriente,Amperes,A,0DF7CCB8-9BD7-4849-616D-08DD5B605483,Acometida Principal
0A4F26F3-854C-447A-991C-98CC0FA6DE95,9D7377E0-82EC-49C1-A1BD-08DC4397766E,4702B287-6C01-4096-B781-9AE410A506CA,Fase 3,1,Corriente,Amperes,A,B7B4AF07-1232-4DB3-D9AE-08DD3FEE69C9,Máquina de nieve
7CFA262B-CE85-4951-AFD8-9EE78B9800A0,9D7377E0-82EC-49C1-A1BD-08DC4397766E,B1CF61F6-DBDC-420F-857C-185D01F6C445,Fase 1 Derivación 1,0,Corriente,Amperes,A,6DBD1C36-49EC-40EC-616B-08DD5B605483,Acometida Principal
8C2E1DC9-E034-40EA-996E-9EFABA4EC9A8,9D7377E0-82EC-49C1-A1BD-08DC4397766E,B1CF61F6-DBDC-420F-857C-185D01F6C445,Fase 2 Derivación 1,0,Corriente,Amperes,A,6DBD1C36-49EC-40EC-616B-08DD5B605483,Acometida Principal
8D8E4F9F-18DC-499A-999F-9F67FE89F0AD,9D7377E0-82EC-49C1-A1BD-08DC4397766E,ECC33A2E-0C26-48D4-9696-FD22ECD80785,Fase 2 Derivación 1,0,Corriente,Amperes,A,9F627057-EE57-4F0D-7F2E-08DD63418751,Acometida Principal
85664E3E-9B42-45E0-BA72-9FCCC6358FDB,9D7377E0-82EC-49C1-A1BD-08DC4397766E,0DBB34B5-7F5C-4EAD-9E2F-7351B2AFA161,Fase 2,1,Corriente,Amperes,A,0A1C5E12-EE55-44BE-6162-08DD5B605483,Máquina de Sodas
535988D9-5701-4884-9157-A065B3AB552A,27CF176D-2BF1-4EDC-A1BE-08DC4397766E,0DBB34B5-7F5C-4EAD-9E2F-7351B2AFA161,Presión agua carbonatada,1,Presión,Presión,PSI,0A1C5E12-EE55-44BE-6162-08DD5B605483,Máquina de Sodas
0DB793D3-03F9-4F57-9FF0-A09EA5A4D23A,A10313E6-4D60-4C90-26B5-08DC84ADECD9,C0B0E855-A11A-49EE-9C0F-94F09AF4B16F,Road sign 1 switch 3,1,Encendido,encendido,enc,B6298C92-209A-4D02-6C3D-08DC84AC8408,Road Sign
51FFF33A-FA81-4CC9-A9E4-A0BE8835B454,279BB078-A028-45C7-A1BA-08DC4397766E,696FE373-EA4F-413F-A29E-BD43B6746F4A,Humedad,1,Humedad,Porciento,%,A1B8954E-DF08-428C-301F-08DD47A4A871,Cuarto de congelación
60A79C2A-3C9E-4CAD-98F7-A0D100192BD2,9D7377E0-82EC-49C1-A1BD-08DC4397766E,79A1B7F2-BC1A-4BAC-80C0-F37738E430E0,Fase 1,1,Corriente,Amperes,A,90588848-36F5-4707-6436-08DDE0FE0D22,Máquina de nieve
EDAE9005-54E0-4441-BF58-A199B66E0CDC,5485A1F6-3775-436F-A1B9-08DC4397766E,30FD6B3C-3187-447B-A5DF-5DAAE8B96BF4,Temperatura,1,Temperatura,Centigrados,°C,A1C0B0FB-677C-423E-6160-08DD5B605483,Cuarto de Conservación
1D05369D-C515-4046-824A-A22456FF03B0,A10313E6-4D60-4C90-26B5-08DC84ADECD9,E332D70D-364F-4A33-B723-EAF48C65FCAE,Switch 2,1,Encendido,encendido,enc,1EBC6137-C613-4A58-5570-08DDDE84D8AA,Road Sign
A4904D71-11F6-4139-91DA-A2BA67E3FDC9,A10313E6-4D60-4C90-26B5-08DC84ADECD9,7931CB8C-16A5-4CA1-BF64-57255ED84A38,Switch 1,1,Encendido,encendido,enc,7B3AD587-AFC2-473B-6164-08DD5B605483,Road Sign
21C6E6AE-8467-4F94-93A6-A34DCF328443,A10313E6-4D60-4C90-26B5-08DC84ADECD9,FAAF57D0-DCD3-4E8A-8C9A-57914F0F29CC,Switch 3,1,Encendido,encendido,enc,8C213D36-9843-4DDC-5573-08DDDE84D8AA,Road Sign
35D8222A-F4B4-4ECD-ADA7-A47EDDAE2908,9D7377E0-82EC-49C1-A1BD-08DC4397766E,696FE373-EA4F-413F-A29E-BD43B6746F4A,Resistencia deshielo,1,Corriente,Amperes,A,A1B8954E-DF08-428C-301F-08DD47A4A871,Cuarto de congelación
C7847598-1DB4-48BD-8503-A544998A3391,9D7377E0-82EC-49C1-A1BD-08DC4397766E,CA1844D2-CCB3-422E-A011-E7440F78EA7A,Fase 3,1,Corriente,Amperes,A,C16FE55F-4717-4463-D9C2-08DD3FEE69C9,Máquina de nieve
6CE9FD4D-8110-4197-A8CB-A55B68A72CE4,5485A1F6-3775-436F-A1B9-08DC4397766E,6E6C561F-2AB9-492B-8A2F-BF64804D9D7B,Temperatura,1,Temperatura,Centigrados,°C,963B2FCB-ED92-40EC-7F29-08DD63418751,Cuarto de conservación
9EFB11CA-297B-4F76-A75A-A713A2DA91B5,9ABA7228-87EF-482A-A1BB-08DC4397766E,9B697DDD-E17F-4797-9562-A972E2989BD2,Puerta,0,Estado,Estado,Estado,A1E6E163-B433-4A97-301C-08DD47A4A871,Cuarto de congelación
01D37030-9BAD-4D9E-9AD3-A72461141232,A10313E6-4D60-4C90-26B5-08DC84ADECD9,58740869-2027-4917-9A66-C20003422F7C,Switch 3,1,Encendido,encendido,enc,59545DDF-66B9-49EE-5571-08DDDE84D8AA,Road Sign
12FA7B85-1971-4F0D-8C62-A758CB1B28E6,27CF176D-2BF1-4EDC-A1BE-08DC4397766E,8A97714B-379B-41AB-988D-B1BE47199793,Presión Agua Carbonatada,1,Presión,Presión,PSI,DB8B9F53-8B1D-4093-7F2B-08DD63418751,Máquina de Sodas
0FC43E3B-E301-4554-846C-A8582A8D9CE7,A10313E6-4D60-4C90-26B5-08DC84ADECD9,47C2D63D-9383-4869-AC61-8E517408AC92,Switch 1,1,Encendido,encendido,enc,46AA3786-0591-46E3-6435-08DDE0FE0D22,Luces Comedor
5A76CCF2-9AD5-4428-9A23-A861359B9E02,279BB078-A028-45C7-A1BA-08DC4397766E,E3849B31-369D-40B5-7AD4-08DC484D82CA,Humedad congelacion 1,0,Humedad,Porciento,%,7A6F2526-8BD4-4589-34AB-08DC43941E6D,Ambiente congelacion 1
B3E388EC-1CDB-4446-A265-A9E121E086B3,8DCFFF66-4B0E-42A0-26B4-08DC84ADECD9,776A7695-9650-46A0-8651-B02946E0E18E,Cisterna Agua Externa,0,Nivel - mAh,Miliamperios,mAh,9CF3BAD1-AC37-485D-C13A-08DD505DEC58,Cuarto de Máquinas
F570717C-63A1-4294-9A90-AAC2494C5400,A10313E6-4D60-4C90-26B5-08DC84ADECD9,95CB4A3D-417C-4C1B-9C18-C5B528853901,Switch 1,1,Encendido,encendido,enc,59545DDF-66B9-49EE-5571-08DDDE84D8AA,Alumbrado de Muro
A1C02B2D-B495-402A-9C97-AB0B2E873453,9D7377E0-82EC-49C1-A1BD-08DC4397766E,6E6C561F-2AB9-492B-8A2F-BF64804D9D7B,Fase 2,1,Corriente,Amperes,A,963B2FCB-ED92-40EC-7F29-08DD63418751,Cuarto de conservación
B1F0741B-A8C4-4212-BE35-ABD715DA345C,A10313E6-4D60-4C90-26B5-08DC84ADECD9,21E8B456-E7CF-42C3-B324-67166220DF08,Switch 1,1,Encendido,encendido,enc,1EBC6137-C613-4A58-5570-08DDDE84D8AA,Alumbrado de Muro
1C6B2188-DE15-49C9-8513-B09BA9C17E91,27CF176D-2BF1-4EDC-A1BE-08DC4397766E,8DB1C508-58F3-481E-96A7-96CFB248FD06,Presión agua carbonatada,1,Presión,Presión,PSI,D96624C9-EB67-464F-D9C7-08DD3FEE69C9,Máquina de Sodas
575D8832-A0D4-4FF8-8782-B0B7760ED226,279BB078-A028-45C7-A1BA-08DC4397766E,14D14673-1348-48D9-83C5-CB13B662FA37,Humedad,1,Humedad,Porciento,%,2A53B338-BD72-4636-9C0E-08DD462E560B,Cuarto de conservación
EBBBED09-D1E3-4880-9024-B0F6054A279D,9ABA7228-87EF-482A-A1BB-08DC4397766E,E18D7D6D-CD8B-481F-843F-EA5AECE8BA3E,Puerta,0,Estado,Estado,Estado,DC9115DC-1AD2-4804-6165-08DD5B605483,Puerta de emergencia
14490B60-D200-46E8-A1F2-B38B3B8A50B8,9D7377E0-82EC-49C1-A1BD-08DC4397766E,E8E356AD-5360-4F4E-B7B8-A23621B66905,Fase 3,1,Corriente,Amperes,A,3F372FA1-1E9A-4B95-6441-08DDE0FE0D22,Cuarto de Congelación
E9F99DDF-75C4-43AC-AC09-B452B31F25BF,5485A1F6-3775-436F-A1B9-08DC4397766E,61403F55-30BE-4257-9BC6-4872E73CDFC4,Temperatura,1,Temperatura,Centigrados,°C,D578FCDF-7B11-4172-7F28-08DD63418751,Cuarto de congelación
D080F284-C51F-4A48-A4D7-B7ACEC0672BA,9D7377E0-82EC-49C1-A1BD-08DC4397766E,9E09B069-82DE-4FBE-8CF1-97BF8B6A8490,Acometida principal F1 Derivación 1,0,Corriente,Amperes,A,8F75A203-C4D7-4AF2-5072-08DC48553496,Acometida principal 1
3884F7BE-9F92-4477-B3D7-B7CB4874B90C,279BB078-A028-45C7-A1BA-08DC4397766E,4C2A12D5-72AA-4D7F-90F4-652FCC491513,Humedad,0,Humedad,Porciento,%,5B0B9D74-F840-4126-615D-08DD5B605483,Comedor
E80B7A9C-03ED-4876-B9A0-B7FE90068798,9ABA7228-87EF-482A-A1BB-08DC4397766E,6E6C561F-2AB9-492B-8A2F-BF64804D9D7B,Puerta,0,Estado,Estado,Estado,963B2FCB-ED92-40EC-7F29-08DD63418751,Cuarto de conservación
E1D6885D-441A-4FB0-A7AB-B84369B1E6EA,9D7377E0-82EC-49C1-A1BD-08DC4397766E,9B697DDD-E17F-4797-9562-A972E2989BD2,Fase 2,1,Corriente,Amperes,A,A1E6E163-B433-4A97-301C-08DD47A4A871,Cuarto de congelación
66DAAD67-3A57-4012-A60B-B8688CD8E196,9D7377E0-82EC-49C1-A1BD-08DC4397766E,93D92608-4B66-41B5-B00F-B5B82AC52F3A,Fase 1 Derivación 1,0,Corriente,Amperes,A,F1F8AF74-486B-4248-616C-08DD5B605483,Acometida Principal
06510F82-0573-4CBF-90CC-B8990EE4DE1B,9D7377E0-82EC-49C1-A1BD-08DC4397766E,5A0FF473-2751-4B30-AF16-8F80FD7B83DE,Fase 1,1,Corriente,Amperes,A,3161F983-37DA-4514-643D-08DDE0FE0D22,Máquina de Sodas
C89F5971-29D3-468F-A897-B9AE520A27DD,9D7377E0-82EC-49C1-A1BD-08DC4397766E,231BEA78-E25B-457B-08EC-08DC4396417D,Fase 2,1,Corriente,Amperes,A,A643E277-B0F6-49DB-34AA-08DC43941E6D,Compresor conservacion 1
D6EF7C78-CADB-4044-B7FB-BA42CA44B70C,9D7377E0-82EC-49C1-A1BD-08DC4397766E,4702B287-6C01-4096-B781-9AE410A506CA,Fase 1,1,Corriente,Amperes,A,B7B4AF07-1232-4DB3-D9AE-08DD3FEE69C9,Máquina de nieve
F83D774C-AA33-44E1-B2AE-BD0FE1CAA084,9D7377E0-82EC-49C1-A1BD-08DC4397766E,776A7695-9650-46A0-8651-B02946E0E18E,Bomba Rebombeo,0,Corriente,Amperes,A,9CF3BAD1-AC37-485D-C13A-08DD505DEC58,Cuarto de Máquinas
DE7CE6C1-B973-4521-83B3-BDADE2209259,A10313E6-4D60-4C90-26B5-08DC84ADECD9,7931CB8C-16A5-4CA1-BF64-57255ED84A38,Switch 2,0,Encendido,encendido,enc,7B3AD587-AFC2-473B-6164-08DD5B605483,Road Sign
CB498A94-7B26-426D-B379-BF29B76F3706,5485A1F6-3775-436F-A1B9-08DC4397766E,B3A1E542-766D-4DA3-952D-819C0B1C498D,Temperatura,1,Temperatura,Centigrados,°C,ACCC0D44-ED26-4350-15D8-08DD4AD02859,Cuarto de conservación
AF7C88E7-3268-4D79-B599-C0AD279F5967,9D7377E0-82EC-49C1-A1BD-08DC4397766E,8CD4F345-9E85-44F2-A712-5C220D9259A9,Fase 3 - Derivación 1,0,Corriente,Amperes,A,68C7ECB8-B78C-4341-D9B1-08DD3FEE69C9,Acometida principal
BBD8F1CE-31EA-423D-9C25-C101E8F57DF8,A10313E6-4D60-4C90-26B5-08DC84ADECD9,ED5B45ED-142D-4B09-B7A7-0349360AEA32,Switch 1,1,Encendido,encendido,enc,8C213D36-9843-4DDC-5573-08DDDE84D8AA,Alumbrado Exterior
1F39B8F2-7EE3-4EAF-9E70-C30E44B3258E,9D7377E0-82EC-49C1-A1BD-08DC4397766E,30FD6B3C-3187-447B-A5DF-5DAAE8B96BF4,Fase 3,1,Corriente,Amperes,A,A1C0B0FB-677C-423E-6160-08DD5B605483,Cuarto de Conservación
EBFC63FD-BB39-4E72-B4DF-C8F3E0BC7537,9D7377E0-82EC-49C1-A1BD-08DC4397766E,79A1B7F2-BC1A-4BAC-80C0-F37738E430E0,Fase 3,1,Corriente,Amperes,A,90588848-36F5-4707-6436-08DDE0FE0D22,Máquina de nieve
75A9174E-DBB9-414D-B5CE-CB99296570DA,9D7377E0-82EC-49C1-A1BD-08DC4397766E,B3A1E542-766D-4DA3-952D-819C0B1C498D,Fase 2,1,Corriente,Amperes,A,ACCC0D44-ED26-4350-15D8-08DD4AD02859,Cuarto de conservación
EC713D20-4516-4159-B02C-CC3162EC6BA2,9D7377E0-82EC-49C1-A1BD-08DC4397766E,B1CF61F6-DBDC-420F-857C-185D01F6C445,Fase 3 Derivación 2,0,Corriente,Amperes,A,6DBD1C36-49EC-40EC-616B-08DD5B605483,Acometida Principal
B6A81B90-135A-44DC-89AA-CC7A41556C3B,9ABA7228-87EF-482A-A1BB-08DC4397766E,D22D6A99-60C7-4CD1-8A1D-96A8A83848B0,Estado de caja fuerte,0,Estado,Estado,Estado,86A00A25-B032-4628-D9C5-08DD3FEE69C9,Caja fuerte
6C102D71-68B6-42DF-AC38-CE026F7C2E56,9D7377E0-82EC-49C1-A1BD-08DC4397766E,CF92A35A-0B92-4DFA-A9EA-8A54150DDACD,Fase 1 Bomba 2,0,Corriente,Amperes,A,BAB5B800-B13B-44A4-301B-08DD47A4A871,Cuarto de Máquinas
9FC3299C-4C04-4752-A12A-CE5805FF26A5,A10313E6-4D60-4C90-26B5-08DC84ADECD9,7B7ADD59-43C7-45C8-B485-F0D388EC3658,Alumbrado exterior 1 switch 1,1,Encendido,encendido,enc,B6298C92-209A-4D02-6C3D-08DC84AC8408,Alumbrado exterior 1
94AC4897-6805-49C2-93C3-CE9B04218F96,9D7377E0-82EC-49C1-A1BD-08DC4397766E,9E09B069-82DE-4FBE-8CF1-97BF8B6A8490,Acometida principal F3 Derivación 1,0,Corriente,Amperes,A,8F75A203-C4D7-4AF2-5072-08DC48553496,Acometida principal 1
ADF734FB-414F-44FC-8D58-CEEFB4DB38E1,9D7377E0-82EC-49C1-A1BD-08DC4397766E,ECC33A2E-0C26-48D4-9696-FD22ECD80785,Fase 3 Derivación 1,0,Corriente,Amperes,A,9F627057-EE57-4F0D-7F2E-08DD63418751,Acometida Principal
C1F3B42D-CC28-47E7-A4EF-CF24098B0FF5,5485A1F6-3775-436F-A1B9-08DC4397766E,AD762D7A-6363-48CC-ACB1-F426EFE8AB01,Temperatura,1,Temperatura,Centigrados,°C,A68735AC-C156-404B-9C0D-08DD462E560B,Cuarto de congelación
E8A17600-EF11-46D9-A6EC-D0EB7E9DEAC8,9D7377E0-82EC-49C1-A1BD-08DC4397766E,BB5BBE83-095D-404B-08ED-08DC4396417D,Fase 1 Bomba 1,0,Corriente,Amperes,A,FC229865-D43A-4F2E-34AC-08DC43941E6D,Bomba 1
203544DF-091F-48D6-A8EC-D14833763022,9ABA7228-87EF-482A-A1BB-08DC4397766E,9D5E9B81-70CE-4DD6-90D0-006F7DA796FA,Puerta Principal,0,Estado,Estado,Estado,9F33CBEA-6D72-4E8A-615F-08DD5B605483,Cuarto de Congelación
BB70DCF9-8B7F-4B5A-B8EA-D18A6136E2F0,9ABA7228-87EF-482A-A1BB-08DC4397766E,171300FD-431A-4F51-959C-31BDD3AB3A9E,Estado de caja fuerte,0,Estado,Estado,Estado,B02CC621-B563-4A0A-D9BB-08DD3FEE69C9,Caja fuerte
B275AFA8-6A75-4D4E-A508-D29CEE51B456,9D7377E0-82EC-49C1-A1BD-08DC4397766E,0DBB34B5-7F5C-4EAD-9E2F-7351B2AFA161,Fase 3,1,Corriente,Amperes,A,0A1C5E12-EE55-44BE-6162-08DD5B605483,Máquina de Sodas
BA18A20D-E038-4C12-8FF3-D32C5EE0227A,9D7377E0-82EC-49C1-A1BD-08DC4397766E,CDFD0AEB-4BC5-40E5-86BC-1E224FA4EAD0,Bomba Rebombeo,0,Corriente,Amperes,A,4E634550-CF45-46DF-3022-08DD47A4A871,Cuarto de Máquinas
FAABC39E-0CEF-451A-A5B7-D39E20C683D2,9D7377E0-82EC-49C1-A1BD-08DC4397766E,9F60A0E9-1DD8-4595-7AD6-08DC484D82CA,Corriente resistencia deshielo,1,Corriente,Amperes,A,7A6F2526-8BD4-4589-34AB-08DC43941E6D,Resistencia de deshielo 1
4853AF79-447D-44D2-8CA2-D40B03294DF9,279BB078-A028-45C7-A1BA-08DC4397766E,7EC58114-5C57-4D22-AC0B-8B218889DB09,Humedad,0,Humedad,Porciento,%,A621B27B-69C8-46B2-615E-08DD5B605483,Playland
25298475-5B52-456D-A3FF-D528E97BF89D,5485A1F6-3775-436F-A1B9-08DC4397766E,9B697DDD-E17F-4797-9562-A972E2989BD2,Temperatura,1,Temperatura,Centigrados,°C,A1E6E163-B433-4A97-301C-08DD47A4A871,Cuarto de congelación
13399D5E-CD53-4F6C-BB8F-D67C967F9782,9D7377E0-82EC-49C1-A1BD-08DC4397766E,93D92608-4B66-41B5-B00F-B5B82AC52F3A,Fase 1 Derivación 2,0,Corriente,Amperes,A,F1F8AF74-486B-4248-616C-08DD5B605483,Acometida Principal
7A0F5B52-5EFA-42F2-A02C-D6D86BC91B7D,8DCFFF66-4B0E-42A0-26B4-08DC84ADECD9,CF92A35A-0B92-4DFA-A9EA-8A54150DDACD,Cisterna Agua Externa,0,Nivel - mAh,Miliamperios,mAh,BAB5B800-B13B-44A4-301B-08DD47A4A871,Cuarto de Máquinas
766D4750-AA2E-42E7-8B51-D7CE4505A24C,9D7377E0-82EC-49C1-A1BD-08DC4397766E,776A7695-9650-46A0-8651-B02946E0E18E,Fase 1 Bomba 1,0,Corriente,Amperes,A,9CF3BAD1-AC37-485D-C13A-08DD505DEC58,Cuarto de Máquinas
7ECC7150-1542-498B-BBCF-D90479282600,9D7377E0-82EC-49C1-A1BD-08DC4397766E,E8E356AD-5360-4F4E-B7B8-A23621B66905,Fase 2,1,Corriente,Amperes,A,3F372FA1-1E9A-4B95-6441-08DDE0FE0D22,Cuarto de Congelación
56CADBD9-A8CF-47A7-A260-D958F27D8404,279BB078-A028-45C7-A1BA-08DC4397766E,9B697DDD-E17F-4797-9562-A972E2989BD2,Humedad,1,Humedad,Porciento,%,A1E6E163-B433-4A97-301C-08DD47A4A871,Cuarto de congelación
3F6E0518-A689-4E74-9D6E-D992F0D2157E,A10313E6-4D60-4C90-26B5-08DC84ADECD9,68CDDBC6-298E-4DDE-88CB-6C03AD5D24D1,Switch 2,1,Encendido,encendido,enc,59545DDF-66B9-49EE-5571-08DDDE84D8AA,Alumbrado Exterior
467AEEEC-E69A-42FA-8A07-D9C72F513E9D,5485A1F6-3775-436F-A1B9-08DC4397766E,6D978128-9663-4924-7AD8-08DC484D82CA,Temperatura playland 1,0,Temperatura,Centigrados,°C,DF7A5A54-7E50-4FF5-34AD-08DC43941E6D,Ambiente playland 1
8BF5C78C-6868-4C3C-82F9-DACF21790984,9D7377E0-82EC-49C1-A1BD-08DC4397766E,3E4C183B-2BC4-4E1F-7AD5-08DC484D82CA,Fase 2,1,Corriente,Amperes,A,7A6F2526-8BD4-4589-34AB-08DC43941E6D,Compresor congelacion 1
56AEC9CA-80D8-4D84-90C4-DAF6A88819B3,5485A1F6-3775-436F-A1B9-08DC4397766E,7E8F020E-AFA7-48E0-82F6-BDCEC9F099A7,Temperatura Actual,1,Temperatura,Centigrados,°C,46AA3786-0591-46E3-6435-08DDE0FE0D22,A/C de Comedor
F069D4F6-8EAE-402B-8C60-DB51127AA4B5,5485A1F6-3775-436F-A1B9-08DC4397766E,7433F83E-62EC-47A2-AE5A-451C0F7BECB1,Temperatura,0,Temperatura,Centigrados,°C,C7DAFC7B-B194-4106-7F27-08DD63418751,Playland
61EC474E-5ABA-4597-A052-DC68465E91CB,9D7377E0-82EC-49C1-A1BD-08DC4397766E,696FE373-EA4F-413F-A29E-BD43B6746F4A,Fase 3,1,Corriente,Amperes,A,A1B8954E-DF08-428C-301F-08DD47A4A871,Cuarto de congelación
ACE8B091-54D2-4885-8DDC-DD83E7EE59F1,9D7377E0-82EC-49C1-A1BD-08DC4397766E,2BDB43FB-C3EE-4D08-AA96-7FF5BF3904A6,Fase 2,1,Corriente,Amperes,A,E21D79D6-1696-4F62-D9BD-08DD3FEE69C9,Máquina de Sodas
7FDCC063-76F4-4D3C-B4C0-DDF389CD39A6,9ABA7228-87EF-482A-A1BB-08DC4397766E,30FD6B3C-3187-447B-A5DF-5DAAE8B96BF4,Puerta,0,Estado,Estado,Estado,A1C0B0FB-677C-423E-6160-08DD5B605483,Cuarto de Conservación
6E3FC838-FCFA-4C70-AB35-DF8B6652C71B,279BB078-A028-45C7-A1BA-08DC4397766E,1754BCEC-13F0-4DF9-A8B0-2BB1B503631D,Humedad,0,Humedad,Porciento,%,EF45ED01-AC81-407F-D9C0-08DD3FEE69C9,Playland
74D31293-9AF0-457E-87B3-E3365C85E7D9,9D7377E0-82EC-49C1-A1BD-08DC4397766E,42D07B06-A180-4ED7-B3C0-FB91C4A7EFFC,Fase 1,1,Corriente,Amperes,A,F130E155-AA8E-44C0-D9B4-08DD3FEE69C9,Máquina de Sodas
A7307746-5935-4136-80B9-E34847D921DA,5485A1F6-3775-436F-A1B9-08DC4397766E,E8E356AD-5360-4F4E-B7B8-A23621B66905,Temperatura,1,Temperatura,Centigrados,°C,3F372FA1-1E9A-4B95-6441-08DDE0FE0D22,Cuarto de Congelación
0D4E7904-8453-4793-AC0A-E3BC77F8E7AE,9ABA7228-87EF-482A-A1BB-08DC4397766E,61403F55-30BE-4257-9BC6-4872E73CDFC4,Puerta Principal,0,Estado,Estado,Estado,D578FCDF-7B11-4172-7F28-08DD63418751,Cuarto de congelación
8C8E2F42-C632-4322-A083-E3D21358C514,A10313E6-4D60-4C90-26B5-08DC84ADECD9,2B081F0F-49D1-4AA3-B4B7-06395AA14DE0,Switch 2,1,Encendido,encendido,enc,67EFBB29-06F1-48B2-6437-08DDE0FE0D22,Road Sign
EF1195AA-64FF-4A64-9056-E3F741FF0EF8,5485A1F6-3775-436F-A1B9-08DC4397766E,DE14B35C-F053-4734-A381-343691B35F01,Temperatura,0,Temperatura,Centigrados,°C,F44C099A-CE5B-45FB-D9AD-08DD3FEE69C9,Comedor
23E314DF-C281-4CEA-AD83-E748A44B09AC,A10313E6-4D60-4C90-26B5-08DC84ADECD9,16215150-DCAF-4440-BC8C-1101B69BDBAE,Switch 2,0,Encendido,encendido,enc,7B3AD587-AFC2-473B-6164-08DD5B605483,Alumbrado Exterior
C36D46C6-382B-4CE5-B7CF-E7E0550BAD84,9D7377E0-82EC-49C1-A1BD-08DC4397766E,53838C72-6170-42B3-9747-36E93D523143,Bomba Rebombeo,0,Corriente,Amperes,A,06D04A26-1532-4B8C-6161-08DD5B605483,Cuarto de Máquinas
B987DE49-EAEA-4AB1-8E8A-E8146C251C5C,8DCFFF66-4B0E-42A0-26B4-08DC84ADECD9,C361A8AB-D325-41FD-7AD2-08DC484D82CA,Cisterna Agua Interna,0,Nivel - mAh,Miliamperios,mAh,FC229865-D43A-4F2E-34AC-08DC43941E6D,Cisterna de suministro 1
1AE5C2D9-8D12-42C7-B8E7-E8A4BA9F2A2C,9D7377E0-82EC-49C1-A1BD-08DC4397766E,8CD4F345-9E85-44F2-A712-5C220D9259A9,Fase 1 - Derivación 1,0,Corriente,Amperes,A,68C7ECB8-B78C-4341-D9B1-08DD3FEE69C9,Acometida principal
503B6E42-86B7-4E76-9531-E936177E4F45,9D7377E0-82EC-49C1-A1BD-08DC4397766E,CF92A35A-0B92-4DFA-A9EA-8A54150DDACD,Bomba Rebombeo,0,Corriente,Amperes,A,BAB5B800-B13B-44A4-301B-08DD47A4A871,Cuarto de Máquinas
6DF8C197-C29E-4A82-A42C-E9FA4CA1EED8,279BB078-A028-45C7-A1BA-08DC4397766E,E8E356AD-5360-4F4E-B7B8-A23621B66905,Humedad,1,Humedad,Porciento,%,3F372FA1-1E9A-4B95-6441-08DDE0FE0D22,Cuarto de Congelación
00433B32-4846-4311-8903-EABF64392F29,9D7377E0-82EC-49C1-A1BD-08DC4397766E,93D92608-4B66-41B5-B00F-B5B82AC52F3A,Fase 3 Derivación 2,0,Corriente,Amperes,A,F1F8AF74-486B-4248-616C-08DD5B605483,Acometida Principal
315AF56B-2340-4AE7-A4B6-ECD2EF002EEF,9D7377E0-82EC-49C1-A1BD-08DC4397766E,3FF9E0C5-E968-4CAE-B8B1-9482B8EB386F,Fase 2,1,Corriente,Amperes,A,726CEE82-5571-4AB0-6C3C-08DC84AC8408,Máquina de sodas 1
FAA3CF63-C511-494A-847C-EEA29D3D7B97,9D7377E0-82EC-49C1-A1BD-08DC4397766E,8CD4F345-9E85-44F2-A712-5C220D9259A9,Fase 2 - Derivación 2,0,Corriente,Amperes,A,68C7ECB8-B78C-4341-D9B1-08DD3FEE69C9,Acometida principal
52A5538A-27DE-4404-886B-EF2AB8B9B1CE,9D7377E0-82EC-49C1-A1BD-08DC4397766E,79A1B7F2-BC1A-4BAC-80C0-F37738E430E0,Fase 2,1,Corriente,Amperes,A,90588848-36F5-4707-6436-08DDE0FE0D22,Máquina de nieve
E0B71FC2-08E2-4063-8971-F194645B187E,27CF176D-2BF1-4EDC-A1BE-08DC4397766E,586AE34D-0C13-4FA5-7ACF-08DC484D82CA,Presion 1,1,Presión,Presión,PSI,FC229865-D43A-4F2E-34AC-08DC43941E6D,Sistema de agua potable 1
A9690F8D-214B-4784-AF3C-F200728279A9,5485A1F6-3775-436F-A1B9-08DC4397766E,D27783B9-DBE2-4250-9DC7-F8C073A96EEF,Temperatura,1,Temperatura,Centigrados,°C,45D13CB8-2DAC-4E63-3020-08DD47A4A871,Cuarto de conservación
09FE852A-FA61-47B8-85A7-F3210723FCB5,9ABA7228-87EF-482A-A1BB-08DC4397766E,14D14673-1348-48D9-83C5-CB13B662FA37,Estado puerta de cuarto de conservación,0,Estado,Estado,Estado,2A53B338-BD72-4636-9C0E-08DD462E560B,Cuarto de conservación
E502750D-7DBE-4F1B-A064-F330E3E44407,9ABA7228-87EF-482A-A1BB-08DC4397766E,AD762D7A-6363-48CC-ACB1-F426EFE8AB01,Puerta,0,Estado,Estado,Estado,A68735AC-C156-404B-9C0D-08DD462E560B,Cuarto de congelación
741D03A4-15C1-49DB-86CE-F35675857C38,279BB078-A028-45C7-A1BA-08DC4397766E,32E2C47E-D9A7-4B90-85BF-A049537A3B85,Humedad,1,Humedad,Porciento,%,457A75A2-CAC9-4C47-6442-08DDE0FE0D22,Cuarto de Conservación
8C0EBEDF-FFE6-4047-AC95-F3E20F6E1ED8,9D7377E0-82EC-49C1-A1BD-08DC4397766E,9F057CEF-130A-4465-AD7F-D7A59BD77C8F,Fase 1 Bomba 1,0,Corriente,Amperes,A,534D6BDC-A1FD-40C9-7F2A-08DD63418751,Cuarto de Máquinas
62DBC359-5B75-4DE6-8BB3-F46C4D8F1929,27CF176D-2BF1-4EDC-A1BE-08DC4397766E,3FF9E0C5-E968-4CAE-B8B1-9482B8EB386F,Presión agua carbonatada,1,Presión,Presión,PSI,726CEE82-5571-4AB0-6C3C-08DC84AC8408,Máquina de sodas 1
CF23480A-608D-44E0-A5DD-F5BC427AF01D,279BB078-A028-45C7-A1BA-08DC4397766E,DE14B35C-F053-4734-A381-343691B35F01,Humedad,0,Humedad,Porciento,%,F44C099A-CE5B-45FB-D9AD-08DD3FEE69C9,Comedor
1299E5A1-D45F-4D28-9B8A-F6688F76645F,27CF176D-2BF1-4EDC-A1BE-08DC4397766E,2BDB43FB-C3EE-4D08-AA96-7FF5BF3904A6,Presión agua carbonatada,1,Presión,Presión,PSI,E21D79D6-1696-4F62-D9BD-08DD3FEE69C9,Máquina de Sodas
AC082450-8D0C-4407-9FE6-F68C12B3C4CA,9D7377E0-82EC-49C1-A1BD-08DC4397766E,55C1A24A-986E-49CC-85EF-3AEC76375CFC,Fase 1 Derivación 1,0,Corriente,Amperes,A,0DF7CCB8-9BD7-4849-616D-08DD5B605483,Acometida Principal
AC900FE4-2414-4362-972E-F6B045EF70AB,9D7377E0-82EC-49C1-A1BD-08DC4397766E,ECC33A2E-0C26-48D4-9696-FD22ECD80785,Fase 2 Derivación 2,0,Corriente,Amperes,A,9F627057-EE57-4F0D-7F2E-08DD63418751,Acometida Principal
83C3CEA1-DE53-43E3-9F74-F83D26F12097,9D7377E0-82EC-49C1-A1BD-08DC4397766E,776A7695-9650-46A0-8651-B02946E0E18E,Fase 1 Bomba 2,0,Corriente,Amperes,A,9CF3BAD1-AC37-485D-C13A-08DD505DEC58,Cuarto de Máquinas
0A1862D9-A64D-4479-B27D-F8CF40778DB1,9D7377E0-82EC-49C1-A1BD-08DC4397766E,B3A1E542-766D-4DA3-952D-819C0B1C498D,Fase 1,1,Corriente,Amperes,A,ACCC0D44-ED26-4350-15D8-08DD4AD02859,Cuarto de conservación
E1BD0FCD-5403-4DF6-8851-F8E1A5720F6A,9D7377E0-82EC-49C1-A1BD-08DC4397766E,B1CF61F6-DBDC-420F-857C-185D01F6C445,Fase 2 Derivación 2,0,Corriente,Amperes,A,6DBD1C36-49EC-40EC-616B-08DD5B605483,Acometida Principal
B32B661D-2EE3-48FB-B658-FA3C6D007A77,27CF176D-2BF1-4EDC-A1BE-08DC4397766E,9F057CEF-130A-4465-AD7F-D7A59BD77C8F,Presión Agua Interna,0,Presión,Presión,PSI,534D6BDC-A1FD-40C9-7F2A-08DD63418751,Cuarto de Máquinas
39C684B6-242B-44AC-BA73-FBE9DD560887,A10313E6-4D60-4C90-26B5-08DC84ADECD9,FAAF57D0-DCD3-4E8A-8C9A-57914F0F29CC,Switch 1,1,Encendido,encendido,enc,8C213D36-9843-4DDC-5573-08DDDE84D8AA,Road Sign
A50DAA17-0CAC-4A8C-9EBE-FD143D8A289D,9D7377E0-82EC-49C1-A1BD-08DC4397766E,B1CF61F6-DBDC-420F-857C-185D01F6C445,Fase 1 Derivación 2,0,Corriente,Amperes,A,6DBD1C36-49EC-40EC-616B-08DD5B605483,Acometida Principal
29EC17D9-44F2-4EA9-85B6-FD59DD72B712,5485A1F6-3775-436F-A1B9-08DC4397766E,D9F619E6-1F2C-426E-9570-629B43CDA015,Temperatura,0,Temperatura,Centigrados,°C,19F65E5B-D4C1-49B7-D9C1-08DD3FEE69C9,Comedor
8AE75E76-E501-4BC8-A0A7-FEF0EF1EA6F3,9D7377E0-82EC-49C1-A1BD-08DC4397766E,9B697DDD-E17F-4797-9562-A972E2989BD2,Resistencia deshielo,1,Corriente,Amperes,A,A1E6E163-B433-4A97-301C-08DD47A4A871,Cuarto de congelación
